0.0;0.405;0.556;0.523;0.524;0.45299999999999996;0.514;0.43200000000000005;0.391;0.782;0.624;0.538;0.399;0.605;0.348;0.43999999999999995;0.532;0.594;0.6910000000000001;0.696;0.772;0.644;0.763;0.736;0.789;0.5820000000000001;0.529;0.753;0.45099999999999996;0.41500000000000004;0.749;0.7070000000000001;0.766;0.649;0.757;0.5740000000000001;0.46099999999999997;0.571;0.56;0.603;0.7030000000000001;0.5609999999999999;0.624;0.613;0.518;0.556;0.46599999999999997;0.63;0.633;0.626;0.5349999999999999;0.5740000000000001;0.6890000000000001;0.506;0.627;0.581;0.656;0.45199999999999996;0.45299999999999996;0.6719999999999999;0.724;0.802;0.5640000000000001;0.75;0.44999999999999996;0.45799999999999996;0.45099999999999996;0.62;0.379;0.5469999999999999;0.531;0.8220000000000001;0.45199999999999996;0.43899999999999995;0.641;0.511;0.546;0.469;0.736;0.502;0.779;0.46199999999999997;0.775;0.469;0.769;0.644;0.581
0.405;0.0;0.601;0.45699999999999996;0.469;0.383;0.363;0.481;0.43700000000000006;0.6699999999999999;0.601;0.649;0.45299999999999996;0.513;0.42000000000000004;0.31699999999999995;0.388;0.52;0.5589999999999999;0.55;0.6659999999999999;0.55;0.594;0.643;0.681;0.478;0.41700000000000004;0.613;0.43700000000000006;0.483;0.649;0.589;0.688;0.523;0.598;0.5489999999999999;0.33699999999999997;0.516;0.482;0.41900000000000004;0.563;0.42000000000000004;0.519;0.544;0.39;0.542;0.388;0.495;0.514;0.479;0.42700000000000005;0.563;0.61;0.404;0.44599999999999995;0.478;0.54;0.32299999999999995;0.387;0.595;0.647;0.673;0.43300000000000005;0.587;0.43799999999999994;0.531;0.355;0.5569999999999999;0.42700000000000005;0.45499999999999996;0.44499999999999995;0.745;0.378;0.31999999999999995;0.513;0.536;0.544;0.36;0.55;0.40700000000000003;0.641;0.43300000000000005;0.704;0.394;0.601;0.51;0.45799999999999996
0.556;0.601;0.0;0.659;0.6799999999999999;0.622;0.653;0.611;0.635;0.837;0.681;0.504;0.519;0.744;0.629;0.5860000000000001;0.6679999999999999;0.673;0.791;0.769;0.896;0.788;0.864;0.856;0.864;0.656;0.647;0.856;0.527;0.6890000000000001;0.903;0.89;0.915;0.735;0.8069999999999999;0.737;0.589;0.683;0.727;0.721;0.794;0.624;0.785;0.775;0.5920000000000001;0.627;0.6699999999999999;0.752;0.75;0.739;0.654;0.522;0.8029999999999999;0.64;0.6970000000000001;0.752;0.75;0.591;0.69;0.788;0.852;0.877;0.6859999999999999;0.853;0.641;0.633;0.6659999999999999;0.804;0.613;0.732;0.683;0.895;0.5820000000000001;0.679;0.735;0.6599999999999999;0.585;0.6599999999999999;0.793;0.647;0.898;0.643;0.902;0.6679999999999999;0.834;0.76;0.753
0.523;0.45699999999999996;0.659;0.0;0.478;0.473;0.42000000000000004;0.522;0.525;0.6719999999999999;0.722;0.639;0.512;0.548;0.517;0.40800000000000003;0.41100000000000003;0.567;0.5800000000000001;0.577;0.7110000000000001;0.5860000000000001;0.6599999999999999;0.6619999999999999;0.688;0.499;0.44099999999999995;0.611;0.45299999999999996;0.542;0.685;0.6739999999999999;0.6599999999999999;0.43799999999999994;0.612;0.503;0.43300000000000005;0.496;0.531;0.486;0.619;0.603;0.536;0.507;0.46199999999999997;0.5589999999999999;0.44499999999999995;0.508;0.5569999999999999;0.485;0.41600000000000004;0.522;0.607;0.44099999999999995;0.488;0.472;0.5800000000000001;0.45499999999999996;0.46199999999999997;0.653;0.632;0.7;0.46399999999999997;0.6;0.514;0.548;0.469;0.522;0.5529999999999999;0.5349999999999999;0.44699999999999995;0.784;0.43600000000000005;0.399;0.506;0.542;0.594;0.42000000000000004;0.604;0.45099999999999996;0.646;0.46699999999999997;0.6950000000000001;0.46599999999999997;0.65;0.5780000000000001;0.511
0.524;0.469;0.6799999999999999;0.478;0.0;0.42200000000000004;0.482;0.5549999999999999;0.548;0.6859999999999999;0.738;0.7010000000000001;0.44799999999999995;0.5589999999999999;0.5489999999999999;0.44899999999999995;0.502;0.523;0.641;0.593;0.6619999999999999;0.5760000000000001;0.661;0.6859999999999999;0.712;0.526;0.504;0.653;0.507;0.508;0.6910000000000001;0.7130000000000001;0.681;0.5840000000000001;0.657;0.5820000000000001;0.41400000000000003;0.536;0.509;0.563;0.573;0.5820000000000001;0.585;0.567;0.30600000000000005;0.527;0.42400000000000004;0.5680000000000001;0.577;0.544;0.495;0.492;0.611;0.46299999999999997;0.478;0.5529999999999999;0.638;0.40900000000000003;0.47;0.724;0.659;0.6970000000000001;0.523;0.657;0.473;0.5660000000000001;0.483;0.601;0.616;0.585;0.494;0.8029999999999999;0.401;0.45899999999999996;0.469;0.5900000000000001;0.594;0.46399999999999997;0.627;0.478;0.69;0.43700000000000006;0.743;0.42000000000000004;0.7050000000000001;0.594;0.581
0.45299999999999996;0.383;0.622;0.473;0.42200000000000004;0.0;0.469;0.43899999999999995;0.503;0.6599999999999999;0.6970000000000001;0.6759999999999999;0.45599999999999996;0.534;0.45699999999999996;0.33099999999999996;0.42300000000000004;0.527;0.603;0.548;0.687;0.5569999999999999;0.5589999999999999;0.647;0.683;0.44399999999999995;0.31799999999999995;0.608;0.43500000000000005;0.49;0.604;0.64;0.698;0.5389999999999999;0.615;0.5329999999999999;0.357;0.485;0.469;0.512;0.571;0.43700000000000006;0.534;0.523;0.43899999999999995;0.593;0.43000000000000005;0.51;0.524;0.54;0.41700000000000004;0.479;0.655;0.42600000000000005;0.43999999999999995;0.494;0.617;0.33899999999999997;0.534;0.6639999999999999;0.636;0.6719999999999999;0.48;0.5840000000000001;0.496;0.492;0.32699999999999996;0.5389999999999999;0.46699999999999997;0.42100000000000004;0.473;0.788;0.32299999999999995;0.348;0.51;0.587;0.5429999999999999;0.346;0.5880000000000001;0.371;0.649;0.44699999999999995;0.6859999999999999;0.40700000000000003;0.6699999999999999;0.473;0.473
0.514;0.363;0.653;0.42000000000000004;0.482;0.469;0.0;0.476;0.532;0.6779999999999999;0.7110000000000001;0.624;0.521;0.575;0.52;0.394;0.47;0.525;0.5640000000000001;0.585;0.669;0.602;0.603;0.655;0.7;0.5720000000000001;0.403;0.6619999999999999;0.519;0.5700000000000001;0.6579999999999999;0.6659999999999999;0.65;0.523;0.651;0.5389999999999999;0.46799999999999997;0.542;0.531;0.44499999999999995;0.606;0.476;0.502;0.563;0.42200000000000004;0.534;0.43899999999999995;0.498;0.523;0.5349999999999999;0.46699999999999997;0.493;0.649;0.487;0.527;0.526;0.5800000000000001;0.469;0.41500000000000004;0.648;0.617;0.718;0.5469999999999999;0.657;0.522;0.554;0.46199999999999997;0.521;0.491;0.49;0.518;0.751;0.46299999999999997;0.46399999999999997;0.522;0.5760000000000001;0.5429999999999999;0.475;0.599;0.476;0.621;0.46599999999999997;0.6970000000000001;0.471;0.6;0.515;0.475
0.43200000000000005;0.481;0.611;0.522;0.5549999999999999;0.43899999999999995;0.476;0.0;0.45899999999999996;0.745;0.6890000000000001;0.585;0.373;0.595;0.349;0.46699999999999997;0.508;0.565;0.673;0.675;0.733;0.6890000000000001;0.688;0.735;0.773;0.619;0.55;0.744;0.495;0.473;0.724;0.743;0.772;0.629;0.739;0.618;0.502;0.575;0.605;0.593;0.665;0.663;0.626;0.613;0.534;0.41600000000000004;0.5429999999999999;0.591;0.624;0.617;0.473;0.5680000000000001;0.6599999999999999;0.5489999999999999;0.601;0.534;0.654;0.498;0.513;0.587;0.71;0.762;0.617;0.723;0.397;0.509;0.504;0.5900000000000001;0.515;0.598;0.589;0.798;0.478;0.475;0.622;0.5900000000000001;0.54;0.522;0.657;0.513;0.71;0.573;0.74;0.515;0.7989999999999999;0.625;0.5549999999999999
0.391;0.43700000000000006;0.635;0.525;0.548;0.503;0.532;0.45899999999999996;0.0;0.773;0.569;0.46599999999999997;0.44599999999999995;0.625;0.369;0.44599999999999995;0.492;0.5780000000000001;0.6890000000000001;0.698;0.6839999999999999;0.626;0.762;0.7070000000000001;0.8089999999999999;0.577;0.573;0.716;0.43700000000000006;0.372;0.714;0.708;0.6910000000000001;0.622;0.762;0.635;0.476;0.56;0.669;0.5860000000000001;0.708;0.605;0.617;0.598;0.602;0.497;0.45199999999999996;0.612;0.6579999999999999;0.55;0.5329999999999999;0.5660000000000001;0.6799999999999999;0.5489999999999999;0.5740000000000001;0.497;0.7030000000000001;0.40800000000000003;0.44999999999999996;0.521;0.706;0.798;0.63;0.7130000000000001;0.41200000000000003;0.5409999999999999;0.481;0.617;0.31399999999999995;0.5760000000000001;0.5920000000000001;0.792;0.482;0.44599999999999995;0.647;0.39;0.532;0.45899999999999996;0.7010000000000001;0.518;0.778;0.43799999999999994;0.8;0.48;0.75;0.647;0.43400000000000005
0.782;0.6699999999999999;0.837;0.6719999999999999;0.6859999999999999;0.6599999999999999;0.6779999999999999;0.745;0.773;0.0;0.921;0.895;0.671;0.581;0.773;0.618;0.673;0.5609999999999999;0.563;0.607;0.546;0.603;0.472;0.476;0.493;0.55;0.671;0.44799999999999995;0.758;0.804;0.536;0.5589999999999999;0.6759999999999999;0.589;0.32599999999999996;0.6990000000000001;0.654;0.611;0.62;0.622;0.5680000000000001;0.683;0.598;0.5800000000000001;0.6759999999999999;0.723;0.677;0.563;0.558;0.655;0.633;0.7090000000000001;0.5569999999999999;0.675;0.654;0.657;0.62;0.633;0.6839999999999999;0.798;0.56;0.5680000000000001;0.6739999999999999;0.404;0.718;0.8180000000000001;0.677;0.583;0.786;0.616;0.655;0.745;0.6910000000000001;0.669;0.575;0.795;0.773;0.6699999999999999;0.52;0.675;0.49;0.636;0.5920000000000001;0.673;0.649;0.5720000000000001;0.63
0.624;0.601;0.681;0.722;0.738;0.6970000000000001;0.7110000000000001;0.6890000000000001;0.569;0.921;0.0;0.581;0.661;0.808;0.587;0.637;0.6910000000000001;0.793;0.835;0.841;0.926;0.8280000000000001;0.9339999999999999;0.9339999999999999;0.945;0.7969999999999999;0.7090000000000001;0.935;0.7110000000000001;0.7;0.9;0.87;0.869;0.787;0.9339999999999999;0.795;0.766;0.753;0.739;0.73;0.871;0.738;0.791;0.8;0.7;0.696;0.77;0.8160000000000001;0.808;0.8009999999999999;0.742;0.78;0.857;0.778;0.776;0.728;0.786;0.75;0.652;0.589;0.9410000000000001;0.9359999999999999;0.744;0.929;0.735;0.644;0.687;0.8029999999999999;0.608;0.775;0.763;0.9;0.687;0.675;0.808;0.655;0.6970000000000001;0.732;0.8260000000000001;0.7030000000000001;0.944;0.656;0.931;0.7070000000000001;0.844;0.842;0.721
0.538;0.649;0.504;0.639;0.7010000000000001;0.6759999999999999;0.624;0.585;0.46599999999999997;0.895;0.581;0.0;0.536;0.76;0.542;0.636;0.659;0.743;0.792;0.783;0.849;0.776;0.864;0.881;0.906;0.673;0.63;0.862;0.478;0.42300000000000004;0.842;0.86;0.886;0.756;0.874;0.733;0.594;0.7090000000000001;0.6619999999999999;0.692;0.793;0.675;0.8;0.779;0.6739999999999999;0.579;0.585;0.762;0.745;0.725;0.628;0.598;0.812;0.635;0.669;0.669;0.779;0.5860000000000001;0.583;0.6970000000000001;0.848;0.916;0.679;0.831;0.525;0.679;0.61;0.79;0.473;0.657;0.6719999999999999;0.887;0.655;0.622;0.742;0.6;0.596;0.635;0.8200000000000001;0.661;0.88;0.6739999999999999;0.884;0.73;0.851;0.789;0.634
0.399;0.45299999999999996;0.519;0.512;0.44799999999999995;0.45599999999999996;0.521;0.373;0.44599999999999995;0.671;0.661;0.536;0.0;0.622;0.379;0.42800000000000005;0.51;0.43500000000000005;0.643;0.635;0.741;0.638;0.756;0.741;0.721;0.522;0.525;0.6970000000000001;0.43700000000000006;0.41400000000000003;0.716;0.75;0.722;0.629;0.649;0.634;0.42700000000000005;0.51;0.595;0.603;0.65;0.51;0.63;0.606;0.49;0.43500000000000005;0.506;0.602;0.616;0.608;0.511;0.502;0.653;0.489;0.5640000000000001;0.5800000000000001;0.692;0.43300000000000005;0.45099999999999996;0.596;0.6859999999999999;0.76;0.5640000000000001;0.692;0.37;0.44499999999999995;0.507;0.633;0.399;0.571;0.558;0.825;0.41200000000000003;0.44999999999999996;0.587;0.509;0.542;0.5660000000000001;0.6679999999999999;0.46199999999999997;0.774;0.505;0.787;0.5609999999999999;0.7110000000000001;0.631;0.5700000000000001
0.605;0.513;0.744;0.548;0.5589999999999999;0.534;0.575;0.595;0.625;0.581;0.808;0.76;0.622;0.0;0.593;0.503;0.522;0.515;0.518;0.44299999999999995;0.536;0.45099999999999996;0.5660000000000001;0.5549999999999999;0.581;0.506;0.5349999999999999;0.552;0.558;0.6970000000000001;0.55;0.548;0.706;0.372;0.523;0.5860000000000001;0.46799999999999997;0.538;0.53;0.484;0.505;0.597;0.42100000000000004;0.39;0.558;0.633;0.505;0.393;0.42600000000000005;0.5329999999999999;0.554;0.5640000000000001;0.5349999999999999;0.522;0.494;0.481;0.54;0.45499999999999996;0.509;0.656;0.504;0.626;0.43000000000000005;0.48;0.618;0.595;0.531;0.41600000000000004;0.638;0.505;0.473;0.723;0.473;0.5;0.42800000000000005;0.652;0.637;0.525;0.515;0.502;0.593;0.5660000000000001;0.601;0.525;0.54;0.43899999999999995;0.46599999999999997
0.348;0.42000000000000004;0.629;0.517;0.5489999999999999;0.45699999999999996;0.52;0.349;0.369;0.773;0.587;0.542;0.379;0.593;0.0;0.491;0.494;0.579;0.679;0.6639999999999999;0.768;0.63;0.757;0.722;0.781;0.673;0.548;0.7110000000000001;0.43999999999999995;0.41700000000000004;0.718;0.734;0.754;0.626;0.724;0.5720000000000001;0.45099999999999996;0.597;0.5509999999999999;0.601;0.6719999999999999;0.558;0.634;0.605;0.575;0.487;0.507;0.619;0.611;0.492;0.524;0.554;0.6799999999999999;0.499;0.5640000000000001;0.55;0.6759999999999999;0.43500000000000005;0.42800000000000005;0.607;0.675;0.783;0.609;0.7;0.396;0.42100000000000004;0.44499999999999995;0.552;0.382;0.56;0.598;0.821;0.45599999999999996;0.41200000000000003;0.629;0.512;0.56;0.474;0.681;0.602;0.786;0.496;0.733;0.44899999999999995;0.733;0.631;0.567
0.43999999999999995;0.31699999999999995;0.5860000000000001;0.40800000000000003;0.44899999999999995;0.33099999999999996;0.394;0.46699999999999997;0.44599999999999995;0.618;0.637;0.636;0.42800000000000005;0.503;0.491;0.0;0.399;0.506;0.552;0.523;0.626;0.536;0.6;0.623;0.673;0.46499999999999997;0.41600000000000004;0.577;0.42100000000000004;0.47;0.628;0.655;0.643;0.5760000000000001;0.5880000000000001;0.41800000000000004;0.349;0.508;0.469;0.482;0.567;0.42400000000000004;0.5740000000000001;0.501;0.39;0.512;0.383;0.376;0.485;0.45199999999999996;0.41400000000000003;0.471;0.64;0.474;0.521;0.45199999999999996;0.606;0.31399999999999995;0.387;0.6639999999999999;0.599;0.6739999999999999;0.469;0.56;0.376;0.513;0.346;0.501;0.527;0.475;0.44399999999999995;0.741;0.28700000000000003;0.33799999999999997;0.493;0.554;0.542;0.33199999999999996;0.585;0.36;0.629;0.42300000000000004;0.671;0.281;0.652;0.511;0.44599999999999995
0.532;0.388;0.6679999999999999;0.41100000000000003;0.502;0.42300000000000004;0.47;0.508;0.492;0.673;0.6910000000000001;0.659;0.51;0.522;0.494;0.399;0.0;0.524;0.542;0.5640000000000001;0.7010000000000001;0.5409999999999999;0.633;0.585;0.683;0.511;0.42600000000000005;0.591;0.54;0.556;0.649;0.6639999999999999;0.6799999999999999;0.517;0.611;0.517;0.406;0.481;0.532;0.479;0.589;0.504;0.5329999999999999;0.494;0.488;0.5509999999999999;0.398;0.514;0.5;0.518;0.362;0.521;0.5900000000000001;0.43600000000000005;0.499;0.5449999999999999;0.598;0.31499999999999995;0.44099999999999995;0.677;0.643;0.6779999999999999;0.504;0.594;0.504;0.5369999999999999;0.43899999999999995;0.5569999999999999;0.517;0.505;0.475;0.735;0.37;0.404;0.518;0.532;0.5549999999999999;0.401;0.599;0.42500000000000004;0.683;0.42000000000000004;0.687;0.45899999999999996;0.632;0.527;0.46099999999999997
0.594;0.52;0.673;0.567;0.523;0.527;0.525;0.565;0.5780000000000001;0.5609999999999999;0.793;0.743;0.43500000000000005;0.515;0.579;0.506;0.524;0.0;0.506;0.5820000000000001;0.631;0.5840000000000001;0.6699999999999999;0.615;0.628;0.5529999999999999;0.525;0.5920000000000001;0.599;0.632;0.64;0.652;0.648;0.504;0.5389999999999999;0.5740000000000001;0.493;0.5820000000000001;0.5900000000000001;0.571;0.565;0.595;0.536;0.495;0.511;0.55;0.518;0.51;0.513;0.575;0.514;0.5529999999999999;0.609;0.505;0.625;0.46499999999999997;0.675;0.498;0.519;0.598;0.595;0.642;0.5820000000000001;0.595;0.5760000000000001;0.61;0.53;0.5409999999999999;0.587;0.602;0.573;0.74;0.498;0.524;0.511;0.607;0.653;0.5800000000000001;0.5840000000000001;0.5820000000000001;0.656;0.527;0.741;0.508;0.7170000000000001;0.5349999999999999;0.43000000000000005
0.6910000000000001;0.5589999999999999;0.791;0.5800000000000001;0.641;0.603;0.5640000000000001;0.673;0.6890000000000001;0.563;0.835;0.792;0.643;0.518;0.679;0.552;0.542;0.506;0.0;0.509;0.632;0.5529999999999999;0.554;0.5509999999999999;0.493;0.5;0.5780000000000001;0.529;0.7070000000000001;0.7130000000000001;0.597;0.61;0.745;0.515;0.499;0.546;0.607;0.494;0.5;0.492;0.404;0.546;0.528;0.479;0.636;0.649;0.567;0.483;0.529;0.5;0.581;0.5760000000000001;0.40700000000000003;0.6;0.493;0.602;0.516;0.5349999999999999;0.558;0.704;0.562;0.5369999999999999;0.508;0.489;0.643;0.6679999999999999;0.639;0.487;0.692;0.505;0.485;0.655;0.5369999999999999;0.5529999999999999;0.493;0.732;0.6990000000000001;0.625;0.403;0.573;0.575;0.595;0.525;0.603;0.488;0.522;0.599
0.696;0.55;0.769;0.577;0.593;0.548;0.585;0.675;0.698;0.607;0.841;0.783;0.635;0.44299999999999995;0.6639999999999999;0.523;0.5640000000000001;0.5820000000000001;0.509;0.0;0.646;0.522;0.624;0.583;0.5680000000000001;0.497;0.542;0.618;0.63;0.638;0.5660000000000001;0.62;0.731;0.45099999999999996;0.569;0.46099999999999997;0.5489999999999999;0.511;0.512;0.5349999999999999;0.536;0.5840000000000001;0.504;0.495;0.581;0.688;0.5920000000000001;0.46399999999999997;0.485;0.53;0.538;0.611;0.521;0.538;0.527;0.604;0.554;0.55;0.589;0.738;0.548;0.613;0.523;0.531;0.677;0.6579999999999999;0.5720000000000001;0.496;0.669;0.46099999999999997;0.514;0.729;0.526;0.544;0.486;0.702;0.6759999999999999;0.5529999999999999;0.508;0.512;0.634;0.589;0.593;0.55;0.626;0.518;0.529
0.772;0.6659999999999999;0.896;0.7110000000000001;0.6619999999999999;0.687;0.669;0.733;0.6839999999999999;0.546;0.926;0.849;0.741;0.536;0.768;0.626;0.7010000000000001;0.631;0.632;0.646;0.0;0.5589999999999999;0.5840000000000001;0.512;0.618;0.594;0.6890000000000001;0.523;0.8109999999999999;0.777;0.45599999999999996;0.478;0.624;0.491;0.577;0.7030000000000001;0.652;0.625;0.641;0.636;0.675;0.736;0.569;0.587;0.671;0.739;0.6;0.5720000000000001;0.53;0.6739999999999999;0.64;0.753;0.625;0.688;0.671;0.5640000000000001;0.688;0.633;0.65;0.777;0.529;0.631;0.6619999999999999;0.5;0.7070000000000001;0.747;0.6759999999999999;0.6;0.71;0.657;0.642;0.791;0.638;0.647;0.56;0.735;0.845;0.692;0.604;0.7030000000000001;0.544;0.6890000000000001;0.675;0.6859999999999999;0.688;0.608;0.5369999999999999
0.644;0.55;0.788;0.5860000000000001;0.5760000000000001;0.5569999999999999;0.602;0.6890000000000001;0.626;0.603;0.8280000000000001;0.776;0.638;0.45099999999999996;0.63;0.536;0.5409999999999999;0.5840000000000001;0.5529999999999999;0.522;0.5589999999999999;0.0;0.6;0.5609999999999999;0.632;0.525;0.563;0.5760000000000001;0.643;0.708;0.5720000000000001;0.5660000000000001;0.69;0.46099999999999997;0.522;0.63;0.554;0.5429999999999999;0.5569999999999999;0.556;0.624;0.593;0.514;0.493;0.585;0.641;0.595;0.481;0.44999999999999996;0.583;0.498;0.632;0.52;0.597;0.56;0.529;0.6699999999999999;0.5449999999999999;0.575;0.714;0.509;0.639;0.5489999999999999;0.52;0.647;0.688;0.5680000000000001;0.486;0.657;0.52;0.589;0.745;0.522;0.524;0.502;0.694;0.673;0.525;0.538;0.5469999999999999;0.625;0.502;0.615;0.589;0.6;0.515;0.512
0.763;0.594;0.864;0.6599999999999999;0.661;0.5589999999999999;0.603;0.688;0.762;0.472;0.9339999999999999;0.864;0.756;0.5660000000000001;0.757;0.6;0.633;0.6699999999999999;0.554;0.624;0.5840000000000001;0.6;0.0;0.45099999999999996;0.519;0.654;0.628;0.43700000000000006;0.745;0.765;0.382;0.5449999999999999;0.669;0.5700000000000001;0.41100000000000003;0.683;0.648;0.613;0.602;0.637;0.5640000000000001;0.6759999999999999;0.5820000000000001;0.565;0.651;0.756;0.646;0.5469999999999999;0.5700000000000001;0.648;0.656;0.73;0.5680000000000001;0.698;0.577;0.659;0.5880000000000001;0.654;0.622;0.753;0.528;0.526;0.667;0.374;0.754;0.747;0.649;0.563;0.766;0.472;0.5660000000000001;0.728;0.649;0.628;0.5509999999999999;0.783;0.764;0.6619999999999999;0.5429999999999999;0.649;0.365;0.647;0.5569999999999999;0.615;0.598;0.522;0.6579999999999999
0.736;0.643;0.856;0.6619999999999999;0.6859999999999999;0.647;0.655;0.735;0.7070000000000001;0.476;0.9339999999999999;0.881;0.741;0.5549999999999999;0.722;0.623;0.585;0.615;0.5509999999999999;0.583;0.512;0.5609999999999999;0.45099999999999996;0.0;0.505;0.606;0.634;0.41700000000000004;0.736;0.768;0.493;0.583;0.627;0.569;0.372;0.681;0.643;0.594;0.607;0.5900000000000001;0.513;0.6930000000000001;0.558;0.5369999999999999;0.6739999999999999;0.759;0.648;0.5449999999999999;0.54;0.608;0.5920000000000001;0.69;0.46199999999999997;0.694;0.647;0.608;0.603;0.55;0.5920000000000001;0.784;0.525;0.5489999999999999;0.642;0.361;0.728;0.754;0.6599999999999999;0.54;0.742;0.611;0.63;0.6950000000000001;0.571;0.635;0.577;0.796;0.776;0.604;0.502;0.669;0.476;0.5820000000000001;0.538;0.649;0.587;0.556;0.6
0.789;0.681;0.864;0.688;0.712;0.683;0.7;0.773;0.8089999999999999;0.493;0.945;0.906;0.721;0.581;0.781;0.673;0.683;0.628;0.493;0.5680000000000001;0.618;0.632;0.519;0.505;0.0;0.514;0.6970000000000001;0.552;0.782;0.825;0.636;0.633;0.736;0.585;0.41000000000000003;0.671;0.6579999999999999;0.5920000000000001;0.591;0.5900000000000001;0.512;0.65;0.6;0.619;0.724;0.734;0.702;0.593;0.611;0.5920000000000001;0.688;0.6679999999999999;0.542;0.656;0.594;0.7010000000000001;0.591;0.646;0.6970000000000001;0.81;0.5860000000000001;0.43899999999999995;0.611;0.479;0.76;0.774;0.7050000000000001;0.625;0.791;0.563;0.5900000000000001;0.643;0.673;0.6839999999999999;0.651;0.833;0.8089999999999999;0.679;0.497;0.64;0.5720000000000001;0.685;0.43300000000000005;0.6950000000000001;0.497;0.626;0.6679999999999999
0.5820000000000001;0.478;0.656;0.499;0.526;0.44399999999999995;0.5720000000000001;0.619;0.577;0.55;0.7969999999999999;0.673;0.522;0.506;0.673;0.46499999999999997;0.511;0.5529999999999999;0.5;0.497;0.594;0.525;0.654;0.606;0.514;0.0;0.502;0.591;0.5589999999999999;0.5780000000000001;0.608;0.647;0.757;0.497;0.51;0.42500000000000004;0.45399999999999996;0.42100000000000004;0.42200000000000004;0.43500000000000005;0.505;0.357;0.591;0.524;0.478;0.598;0.475;0.523;0.526;0.41600000000000004;0.487;0.42300000000000004;0.56;0.43400000000000005;0.43000000000000005;0.593;0.492;0.475;0.5349999999999999;0.708;0.577;0.5880000000000001;0.43799999999999994;0.608;0.6619999999999999;0.542;0.498;0.5509999999999999;0.61;0.4;0.41500000000000004;0.6930000000000001;0.45599999999999996;0.486;0.522;0.65;0.642;0.48;0.527;0.475;0.669;0.571;0.617;0.532;0.5800000000000001;0.5429999999999999;0.56
0.529;0.41700000000000004;0.647;0.44099999999999995;0.504;0.31799999999999995;0.403;0.55;0.573;0.671;0.7090000000000001;0.63;0.525;0.5349999999999999;0.548;0.41600000000000004;0.42600000000000005;0.525;0.5780000000000001;0.542;0.6890000000000001;0.563;0.628;0.634;0.6970000000000001;0.502;0.0;0.625;0.513;0.5569999999999999;0.625;0.679;0.729;0.488;0.621;0.523;0.42500000000000004;0.496;0.527;0.472;0.5700000000000001;0.503;0.5409999999999999;0.5880000000000001;0.477;0.529;0.478;0.519;0.525;0.55;0.42400000000000004;0.534;0.636;0.41400000000000003;0.526;0.527;0.5900000000000001;0.43100000000000005;0.44899999999999995;0.626;0.647;0.71;0.5589999999999999;0.602;0.534;0.563;0.395;0.593;0.536;0.44799999999999995;0.546;0.782;0.41900000000000004;0.42400000000000004;0.516;0.656;0.575;0.43200000000000005;0.5489999999999999;0.43999999999999995;0.5640000000000001;0.473;0.7070000000000001;0.492;0.651;0.472;0.482
0.753;0.613;0.856;0.611;0.653;0.608;0.6619999999999999;0.744;0.716;0.44799999999999995;0.935;0.862;0.6970000000000001;0.552;0.7110000000000001;0.577;0.591;0.5920000000000001;0.529;0.618;0.523;0.5760000000000001;0.43700000000000006;0.41700000000000004;0.552;0.591;0.625;0.0;0.75;0.761;0.563;0.601;0.663;0.486;0.42700000000000005;0.7090000000000001;0.613;0.5820000000000001;0.641;0.612;0.548;0.681;0.569;0.5349999999999999;0.65;0.757;0.627;0.5349999999999999;0.5429999999999999;0.628;0.599;0.6910000000000001;0.512;0.663;0.646;0.626;0.604;0.5800000000000001;0.653;0.762;0.526;0.5529999999999999;0.639;0.352;0.681;0.775;0.626;0.5660000000000001;0.752;0.5920000000000001;0.64;0.69;0.487;0.619;0.554;0.784;0.758;0.595;0.548;0.653;0.46199999999999997;0.589;0.563;0.64;0.636;0.562;0.589
0.45099999999999996;0.43700000000000006;0.527;0.45299999999999996;0.507;0.43500000000000005;0.519;0.495;0.43700000000000006;0.758;0.7110000000000001;0.478;0.43700000000000006;0.558;0.43999999999999995;0.42100000000000004;0.54;0.599;0.7070000000000001;0.63;0.8109999999999999;0.643;0.745;0.736;0.782;0.5589999999999999;0.513;0.75;0.0;0.47;0.754;0.817;0.772;0.585;0.735;0.619;0.499;0.5389999999999999;0.544;0.5589999999999999;0.669;0.5469999999999999;0.648;0.6679999999999999;0.481;0.5820000000000001;0.479;0.617;0.6;0.552;0.5640000000000001;0.496;0.72;0.511;0.5569999999999999;0.606;0.6699999999999999;0.46599999999999997;0.43999999999999995;0.652;0.728;0.789;0.493;0.7010000000000001;0.44099999999999995;0.497;0.46399999999999997;0.618;0.478;0.5589999999999999;0.5389999999999999;0.862;0.44799999999999995;0.42500000000000004;0.594;0.636;0.486;0.43999999999999995;0.6779999999999999;0.471;0.768;0.493;0.79;0.5;0.734;0.631;0.55
0.41500000000000004;0.483;0.6890000000000001;0.542;0.508;0.49;0.5700000000000001;0.473;0.372;0.804;0.7;0.42300000000000004;0.41400000000000003;0.6970000000000001;0.41700000000000004;0.47;0.556;0.632;0.7130000000000001;0.638;0.777;0.708;0.765;0.768;0.825;0.5780000000000001;0.5569999999999999;0.761;0.47;0.0;0.7050000000000001;0.73;0.76;0.663;0.8029999999999999;0.604;0.5369999999999999;0.531;0.629;0.651;0.719;0.599;0.6619999999999999;0.681;0.484;0.502;0.48;0.643;0.65;0.653;0.591;0.5800000000000001;0.71;0.5429999999999999;0.642;0.519;0.6779999999999999;0.527;0.5700000000000001;0.5569999999999999;0.754;0.8180000000000001;0.632;0.765;0.41300000000000003;0.5569999999999999;0.571;0.652;0.386;0.649;0.603;0.843;0.45399999999999996;0.47;0.649;0.488;0.54;0.493;0.75;0.594;0.8069999999999999;0.492;0.8200000000000001;0.552;0.771;0.645;0.503
0.749;0.649;0.903;0.685;0.6910000000000001;0.604;0.6579999999999999;0.724;0.714;0.536;0.9;0.842;0.716;0.55;0.718;0.628;0.649;0.64;0.597;0.5660000000000001;0.45599999999999996;0.5720000000000001;0.382;0.493;0.636;0.608;0.625;0.563;0.754;0.7050000000000001;0.0;0.4;0.5549999999999999;0.556;0.5429999999999999;0.726;0.645;0.627;0.623;0.597;0.6699999999999999;0.724;0.5720000000000001;0.5489999999999999;0.6699999999999999;0.75;0.6910000000000001;0.527;0.506;0.637;0.644;0.747;0.6659999999999999;0.6699999999999999;0.639;0.507;0.6799999999999999;0.638;0.651;0.6779999999999999;0.528;0.64;0.636;0.507;0.7170000000000001;0.829;0.6599999999999999;0.581;0.6990000000000001;0.495;0.643;0.8049999999999999;0.626;0.64;0.542;0.752;0.765;0.642;0.614;0.6699999999999999;0.42300000000000004;0.679;0.5880000000000001;0.726;0.638;0.487;0.504
0.7070000000000001;0.589;0.89;0.6739999999999999;0.7130000000000001;0.64;0.6659999999999999;0.743;0.708;0.5589999999999999;0.87;0.86;0.75;0.548;0.734;0.655;0.6639999999999999;0.652;0.61;0.62;0.478;0.5660000000000001;0.5449999999999999;0.583;0.633;0.647;0.679;0.601;0.817;0.73;0.4;0.0;0.621;0.5569999999999999;0.5449999999999999;0.7170000000000001;0.645;0.656;0.65;0.509;0.618;0.692;0.593;0.591;0.6950000000000001;0.769;0.6759999999999999;0.5489999999999999;0.5509999999999999;0.7;0.657;0.7110000000000001;0.63;0.704;0.61;0.531;0.6719999999999999;0.651;0.688;0.6950000000000001;0.5469999999999999;0.635;0.624;0.5429999999999999;0.778;0.8160000000000001;0.651;0.571;0.6619999999999999;0.624;0.642;0.8009999999999999;0.639;0.653;0.6;0.763;0.8180000000000001;0.681;0.595;0.6910000000000001;0.5660000000000001;0.639;0.623;0.6639999999999999;0.604;0.585;0.507
0.766;0.688;0.915;0.6599999999999999;0.681;0.698;0.65;0.772;0.6910000000000001;0.6759999999999999;0.869;0.886;0.722;0.706;0.754;0.643;0.6799999999999999;0.648;0.745;0.731;0.624;0.69;0.669;0.627;0.736;0.757;0.729;0.663;0.772;0.76;0.5549999999999999;0.621;0.0;0.6719999999999999;0.651;0.8260000000000001;0.685;0.749;0.729;0.722;0.767;0.724;0.6599999999999999;0.661;0.7070000000000001;0.791;0.6679999999999999;0.652;0.661;0.7150000000000001;0.706;0.735;0.6759999999999999;0.742;0.756;0.529;0.766;0.669;0.646;0.615;0.639;0.6890000000000001;0.735;0.652;0.786;0.8140000000000001;0.692;0.6699999999999999;0.714;0.773;0.733;0.86;0.652;0.644;0.6579999999999999;0.746;0.839;0.6579999999999999;0.721;0.724;0.6679999999999999;0.64;0.753;0.6990000000000001;0.776;0.6990000000000001;0.5469999999999999
0.649;0.523;0.735;0.43799999999999994;0.5840000000000001;0.5389999999999999;0.523;0.629;0.622;0.589;0.787;0.756;0.629;0.372;0.626;0.5760000000000001;0.517;0.504;0.515;0.45099999999999996;0.491;0.46099999999999997;0.5700000000000001;0.569;0.585;0.497;0.488;0.486;0.585;0.663;0.556;0.5569999999999999;0.6719999999999999;0.0;0.516;0.665;0.587;0.477;0.534;0.504;0.479;0.617;0.44699999999999995;0.403;0.558;0.646;0.44699999999999995;0.406;0.404;0.524;0.531;0.5589999999999999;0.523;0.6;0.534;0.546;0.593;0.504;0.5389999999999999;0.641;0.55;0.616;0.53;0.36;0.615;0.603;0.552;0.43600000000000005;0.631;0.497;0.526;0.731;0.38;0.478;0.397;0.6819999999999999;0.636;0.483;0.496;0.5369999999999999;0.5920000000000001;0.562;0.634;0.527;0.579;0.42100000000000004;0.503
0.757;0.598;0.8069999999999999;0.612;0.657;0.615;0.651;0.739;0.762;0.32599999999999996;0.9339999999999999;0.874;0.649;0.523;0.724;0.5880000000000001;0.611;0.5389999999999999;0.499;0.569;0.577;0.522;0.41100000000000003;0.372;0.41000000000000003;0.51;0.621;0.42700000000000005;0.735;0.8029999999999999;0.5429999999999999;0.5449999999999999;0.651;0.516;0.0;0.6619999999999999;0.5680000000000001;0.5900000000000001;0.602;0.6;0.511;0.635;0.565;0.5569999999999999;0.64;0.718;0.667;0.532;0.53;0.628;0.5860000000000001;0.6799999999999999;0.5529999999999999;0.603;0.634;0.606;0.606;0.5880000000000001;0.61;0.763;0.534;0.502;0.657;0.34299999999999997;0.6910000000000001;0.758;0.623;0.5760000000000001;0.736;0.615;0.594;0.71;0.5840000000000001;0.613;0.54;0.783;0.768;0.593;0.508;0.649;0.46599999999999997;0.654;0.522;0.615;0.612;0.562;0.603
0.5740000000000001;0.5489999999999999;0.737;0.503;0.5820000000000001;0.5329999999999999;0.5389999999999999;0.618;0.635;0.6990000000000001;0.795;0.733;0.634;0.5860000000000001;0.5720000000000001;0.41800000000000004;0.517;0.5740000000000001;0.546;0.46099999999999997;0.7030000000000001;0.63;0.683;0.681;0.671;0.42500000000000004;0.523;0.7090000000000001;0.619;0.604;0.726;0.7170000000000001;0.8260000000000001;0.665;0.6619999999999999;0.0;0.5549999999999999;0.46599999999999997;0.41900000000000004;0.491;0.569;0.41300000000000003;0.619;0.613;0.521;0.733;0.514;0.534;0.5840000000000001;0.46699999999999997;0.548;0.494;0.565;0.5700000000000001;0.43899999999999995;0.675;0.502;0.48;0.45699999999999996;0.821;0.632;0.681;0.42900000000000005;0.6719999999999999;0.542;0.44299999999999995;0.502;0.594;0.648;0.44799999999999995;0.44999999999999996;0.782;0.517;0.5369999999999999;0.5860000000000001;0.659;0.636;0.46099999999999997;0.5660000000000001;0.46099999999999997;0.704;0.544;0.6619999999999999;0.474;0.643;0.615;0.618
0.46099999999999997;0.33699999999999997;0.589;0.43300000000000005;0.41400000000000003;0.357;0.46799999999999997;0.502;0.476;0.654;0.766;0.594;0.42700000000000005;0.46799999999999997;0.45099999999999996;0.349;0.406;0.493;0.607;0.5489999999999999;0.652;0.554;0.648;0.643;0.6579999999999999;0.45399999999999996;0.42500000000000004;0.613;0.499;0.5369999999999999;0.645;0.645;0.685;0.587;0.5680000000000001;0.5549999999999999;0.0;0.477;0.54;0.544;0.5609999999999999;0.394;0.5349999999999999;0.506;0.44399999999999995;0.46499999999999997;0.522;0.554;0.526;0.46799999999999997;0.43100000000000005;0.45899999999999996;0.622;0.33799999999999997;0.477;0.486;0.5529999999999999;0.349;0.398;0.6599999999999999;0.647;0.6819999999999999;0.495;0.615;0.45799999999999996;0.501;0.368;0.514;0.475;0.483;0.5760000000000001;0.785;0.33499999999999996;0.386;0.514;0.595;0.55;0.359;0.55;0.42200000000000004;0.675;0.405;0.7170000000000001;0.42200000000000004;0.646;0.527;0.529
0.571;0.516;0.683;0.496;0.536;0.485;0.542;0.575;0.56;0.611;0.753;0.7090000000000001;0.51;0.538;0.597;0.508;0.481;0.5820000000000001;0.494;0.511;0.625;0.5429999999999999;0.613;0.594;0.5920000000000001;0.42100000000000004;0.496;0.5820000000000001;0.5389999999999999;0.531;0.627;0.656;0.749;0.477;0.5900000000000001;0.46599999999999997;0.477;0.0;0.37;0.43000000000000005;0.51;0.45599999999999996;0.55;0.528;0.526;0.633;0.471;0.475;0.521;0.361;0.488;0.488;0.501;0.518;0.377;0.61;0.515;0.45899999999999996;0.503;0.704;0.567;0.583;0.37;0.5720000000000001;0.612;0.599;0.556;0.489;0.5860000000000001;0.365;0.396;0.7090000000000001;0.42900000000000005;0.46499999999999997;0.493;0.619;0.644;0.42500000000000004;0.49;0.44799999999999995;0.606;0.46299999999999997;0.587;0.481;0.601;0.54;0.5860000000000001
0.56;0.482;0.727;0.531;0.509;0.469;0.531;0.605;0.669;0.62;0.739;0.6619999999999999;0.595;0.53;0.5509999999999999;0.469;0.532;0.5900000000000001;0.5;0.512;0.641;0.5569999999999999;0.602;0.607;0.591;0.42200000000000004;0.527;0.641;0.544;0.629;0.623;0.65;0.729;0.534;0.602;0.41900000000000004;0.54;0.37;0.0;0.43100000000000005;0.494;0.41500000000000004;0.529;0.5409999999999999;0.46499999999999997;0.6659999999999999;0.5609999999999999;0.522;0.523;0.41800000000000004;0.53;0.495;0.515;0.46499999999999997;0.31299999999999994;0.601;0.47;0.477;0.485;0.757;0.573;0.593;0.378;0.594;0.5489999999999999;0.5820000000000001;0.491;0.5389999999999999;0.5820000000000001;0.366;0.356;0.7010000000000001;0.41900000000000004;0.483;0.504;0.62;0.579;0.43700000000000006;0.492;0.44899999999999995;0.607;0.5589999999999999;0.6;0.477;0.583;0.5469999999999999;0.633
0.603;0.41900000000000004;0.721;0.486;0.563;0.512;0.44499999999999995;0.593;0.5860000000000001;0.622;0.73;0.692;0.603;0.484;0.601;0.482;0.479;0.571;0.492;0.5349999999999999;0.636;0.556;0.637;0.5900000000000001;0.5900000000000001;0.43500000000000005;0.472;0.612;0.5589999999999999;0.651;0.597;0.509;0.722;0.504;0.6;0.491;0.544;0.43000000000000005;0.43100000000000005;0.0;0.518;0.46099999999999997;0.544;0.527;0.5389999999999999;0.605;0.542;0.525;0.54;0.42000000000000004;0.538;0.44999999999999996;0.51;0.563;0.41000000000000003;0.577;0.521;0.501;0.5329999999999999;0.728;0.594;0.5920000000000001;0.43000000000000005;0.64;0.62;0.639;0.531;0.511;0.5680000000000001;0.42700000000000005;0.402;0.7050000000000001;0.471;0.47;0.532;0.654;0.645;0.5469999999999999;0.49;0.501;0.618;0.526;0.5780000000000001;0.5489999999999999;0.43700000000000006;0.524;0.5880000000000001
0.7030000000000001;0.563;0.794;0.619;0.573;0.571;0.606;0.665;0.708;0.5680000000000001;0.871;0.793;0.65;0.505;0.6719999999999999;0.567;0.589;0.565;0.404;0.536;0.675;0.624;0.5640000000000001;0.513;0.512;0.505;0.5700000000000001;0.548;0.669;0.719;0.6699999999999999;0.618;0.767;0.479;0.511;0.569;0.5609999999999999;0.51;0.494;0.518;0.0;0.538;0.5449999999999999;0.506;0.562;0.702;0.5740000000000001;0.492;0.49;0.504;0.639;0.5760000000000001;0.43899999999999995;0.548;0.482;0.5840000000000001;0.5409999999999999;0.608;0.619;0.6970000000000001;0.5920000000000001;0.538;0.527;0.517;0.7090000000000001;0.673;0.593;0.531;0.7;0.513;0.511;0.648;0.567;0.5680000000000001;0.46699999999999997;0.716;0.698;0.565;0.42800000000000005;0.5549999999999999;0.575;0.577;0.567;0.5900000000000001;0.534;0.523;0.5820000000000001
0.5609999999999999;0.42000000000000004;0.624;0.603;0.5820000000000001;0.43700000000000006;0.476;0.663;0.605;0.683;0.738;0.675;0.51;0.597;0.558;0.42400000000000004;0.504;0.595;0.546;0.5840000000000001;0.736;0.593;0.6759999999999999;0.6930000000000001;0.65;0.357;0.503;0.681;0.5469999999999999;0.599;0.724;0.692;0.724;0.617;0.635;0.41300000000000003;0.394;0.45599999999999996;0.41500000000000004;0.46099999999999997;0.538;0.0;0.61;0.5800000000000001;0.469;0.5680000000000001;0.474;0.577;0.571;0.45499999999999996;0.477;0.46199999999999997;0.577;0.46699999999999997;0.46199999999999997;0.629;0.571;0.46399999999999997;0.575;0.746;0.629;0.656;0.42900000000000005;0.644;0.573;0.46699999999999997;0.538;0.594;0.595;0.42800000000000005;0.44499999999999995;0.79;0.45899999999999996;0.46499999999999997;0.579;0.706;0.635;0.536;0.54;0.44799999999999995;0.6839999999999999;0.5900000000000001;0.671;0.5389999999999999;0.61;0.575;0.579
0.624;0.519;0.785;0.536;0.585;0.534;0.502;0.626;0.617;0.598;0.791;0.8;0.63;0.42100000000000004;0.634;0.5740000000000001;0.5329999999999999;0.536;0.528;0.504;0.569;0.514;0.5820000000000001;0.558;0.6;0.591;0.5409999999999999;0.569;0.648;0.6619999999999999;0.5720000000000001;0.593;0.6599999999999999;0.44699999999999995;0.565;0.619;0.5349999999999999;0.55;0.529;0.544;0.5449999999999999;0.61;0.0;0.40700000000000003;0.597;0.647;0.54;0.42000000000000004;0.42100000000000004;0.519;0.517;0.619;0.526;0.594;0.5409999999999999;0.484;0.6599999999999999;0.509;0.52;0.651;0.562;0.581;0.5469999999999999;0.5720000000000001;0.631;0.602;0.546;0.42600000000000005;0.654;0.548;0.484;0.7050000000000001;0.527;0.517;0.41500000000000004;0.657;0.633;0.512;0.521;0.5720000000000001;0.5920000000000001;0.575;0.649;0.5389999999999999;0.593;0.45399999999999996;0.491
0.613;0.544;0.775;0.507;0.567;0.523;0.563;0.613;0.598;0.5800000000000001;0.8;0.779;0.606;0.39;0.605;0.501;0.494;0.495;0.479;0.495;0.587;0.493;0.565;0.5369999999999999;0.619;0.524;0.5880000000000001;0.5349999999999999;0.6679999999999999;0.681;0.5489999999999999;0.591;0.661;0.403;0.5569999999999999;0.613;0.506;0.528;0.5409999999999999;0.527;0.506;0.5800000000000001;0.40700000000000003;0.0;0.503;0.635;0.497;0.41800000000000004;0.404;0.51;0.515;0.651;0.527;0.5720000000000001;0.481;0.486;0.595;0.46099999999999997;0.485;0.649;0.532;0.601;0.516;0.519;0.615;0.5880000000000001;0.521;0.41400000000000003;0.627;0.491;0.504;0.6839999999999999;0.41800000000000004;0.552;0.396;0.641;0.661;0.52;0.521;0.565;0.575;0.542;0.606;0.5740000000000001;0.618;0.403;0.44599999999999995
0.518;0.39;0.5920000000000001;0.46199999999999997;0.30600000000000005;0.43899999999999995;0.42200000000000004;0.534;0.602;0.6759999999999999;0.7;0.6739999999999999;0.49;0.558;0.575;0.39;0.488;0.511;0.636;0.581;0.671;0.585;0.651;0.6739999999999999;0.724;0.478;0.477;0.65;0.481;0.484;0.6699999999999999;0.6950000000000001;0.7070000000000001;0.558;0.64;0.521;0.44399999999999995;0.526;0.46499999999999997;0.5389999999999999;0.562;0.469;0.597;0.503;0.0;0.519;0.45899999999999996;0.538;0.5800000000000001;0.477;0.479;0.47;0.567;0.473;0.509;0.599;0.655;0.44299999999999995;0.44399999999999995;0.6839999999999999;0.653;0.687;0.583;0.6;0.503;0.493;0.469;0.5780000000000001;0.492;0.479;0.502;0.7989999999999999;0.383;0.393;0.45199999999999996;0.611;0.579;0.473;0.5760000000000001;0.517;0.629;0.368;0.7170000000000001;0.401;0.661;0.5660000000000001;0.475
0.556;0.542;0.627;0.5589999999999999;0.527;0.593;0.534;0.41600000000000004;0.497;0.723;0.696;0.579;0.43500000000000005;0.633;0.487;0.512;0.5509999999999999;0.55;0.649;0.688;0.739;0.641;0.756;0.759;0.734;0.598;0.529;0.757;0.5820000000000001;0.502;0.75;0.769;0.791;0.646;0.718;0.733;0.46499999999999997;0.633;0.6659999999999999;0.605;0.702;0.5680000000000001;0.647;0.635;0.519;0.0;0.606;0.637;0.648;0.626;0.5469999999999999;0.606;0.75;0.484;0.642;0.602;0.696;0.5369999999999999;0.5509999999999999;0.629;0.6950000000000001;0.8029999999999999;0.643;0.763;0.48;0.527;0.606;0.6819999999999999;0.502;0.647;0.61;0.823;0.538;0.53;0.648;0.53;0.5609999999999999;0.538;0.761;0.591;0.777;0.517;0.785;0.554;0.771;0.708;0.598
0.46599999999999997;0.388;0.6699999999999999;0.44499999999999995;0.42400000000000004;0.43000000000000005;0.43899999999999995;0.5429999999999999;0.45199999999999996;0.677;0.77;0.585;0.506;0.505;0.507;0.383;0.398;0.518;0.567;0.5920000000000001;0.6;0.595;0.646;0.648;0.702;0.475;0.478;0.627;0.479;0.48;0.6910000000000001;0.6759999999999999;0.6679999999999999;0.44699999999999995;0.667;0.514;0.522;0.471;0.5609999999999999;0.542;0.5740000000000001;0.474;0.54;0.497;0.45899999999999996;0.606;0.0;0.497;0.512;0.477;0.46199999999999997;0.477;0.607;0.45299999999999996;0.46499999999999997;0.5389999999999999;0.628;0.374;0.402;0.6759999999999999;0.646;0.73;0.486;0.606;0.486;0.499;0.41600000000000004;0.544;0.5369999999999999;0.44099999999999995;0.46299999999999997;0.766;0.30100000000000005;0.45399999999999996;0.508;0.595;0.538;0.393;0.573;0.41800000000000004;0.636;0.43300000000000005;0.694;0.33399999999999996;0.6819999999999999;0.5329999999999999;0.46699999999999997
0.63;0.495;0.752;0.508;0.5680000000000001;0.51;0.498;0.591;0.612;0.563;0.8160000000000001;0.762;0.602;0.393;0.619;0.376;0.514;0.51;0.483;0.46399999999999997;0.5720000000000001;0.481;0.5469999999999999;0.5449999999999999;0.593;0.523;0.519;0.5349999999999999;0.617;0.643;0.527;0.5489999999999999;0.652;0.406;0.532;0.534;0.554;0.475;0.522;0.525;0.492;0.577;0.42000000000000004;0.41800000000000004;0.538;0.637;0.497;0.0;0.402;0.527;0.513;0.601;0.52;0.517;0.516;0.45699999999999996;0.5720000000000001;0.56;0.527;0.663;0.521;0.602;0.53;0.52;0.546;0.615;0.603;0.42300000000000004;0.637;0.534;0.524;0.6970000000000001;0.485;0.562;0.406;0.663;0.643;0.523;0.46799999999999997;0.567;0.569;0.507;0.608;0.46199999999999997;0.615;0.41600000000000004;0.579
0.633;0.514;0.75;0.5569999999999999;0.577;0.524;0.523;0.624;0.6579999999999999;0.558;0.808;0.745;0.616;0.42600000000000005;0.611;0.485;0.5;0.513;0.529;0.485;0.53;0.44999999999999996;0.5700000000000001;0.54;0.611;0.526;0.525;0.5429999999999999;0.6;0.65;0.506;0.5509999999999999;0.661;0.404;0.53;0.5840000000000001;0.526;0.521;0.523;0.54;0.49;0.571;0.42100000000000004;0.404;0.5800000000000001;0.648;0.512;0.402;0.0;0.499;0.43300000000000005;0.596;0.53;0.5349999999999999;0.534;0.503;0.5680000000000001;0.43500000000000005;0.513;0.683;0.522;0.607;0.538;0.5409999999999999;0.615;0.639;0.5449999999999999;0.43100000000000005;0.698;0.536;0.505;0.7030000000000001;0.485;0.507;0.40900000000000003;0.6639999999999999;0.641;0.527;0.511;0.579;0.5800000000000001;0.5589999999999999;0.619;0.546;0.601;0.43400000000000005;0.475
0.626;0.479;0.739;0.485;0.544;0.54;0.5349999999999999;0.617;0.55;0.655;0.8009999999999999;0.725;0.608;0.5329999999999999;0.492;0.45199999999999996;0.518;0.575;0.5;0.53;0.6739999999999999;0.583;0.648;0.608;0.5920000000000001;0.41600000000000004;0.55;0.628;0.552;0.653;0.637;0.7;0.7150000000000001;0.524;0.628;0.46699999999999997;0.46799999999999997;0.361;0.41800000000000004;0.42000000000000004;0.504;0.45499999999999996;0.519;0.51;0.477;0.626;0.477;0.527;0.499;0.0;0.505;0.474;0.5329999999999999;0.505;0.42400000000000004;0.591;0.526;0.46499999999999997;0.41400000000000003;0.739;0.5569999999999999;0.5660000000000001;0.43600000000000005;0.5860000000000001;0.512;0.501;0.497;0.44999999999999996;0.663;0.382;0.34099999999999997;0.6739999999999999;0.44699999999999995;0.405;0.577;0.64;0.597;0.41700000000000004;0.46699999999999997;0.44999999999999996;0.621;0.46299999999999997;0.5469999999999999;0.501;0.5660000000000001;0.5429999999999999;0.5720000000000001
0.5349999999999999;0.42700000000000005;0.654;0.41600000000000004;0.495;0.41700000000000004;0.46699999999999997;0.473;0.5329999999999999;0.633;0.742;0.628;0.511;0.554;0.524;0.41400000000000003;0.362;0.514;0.581;0.538;0.64;0.498;0.656;0.5920000000000001;0.688;0.487;0.42400000000000004;0.599;0.5640000000000001;0.591;0.644;0.657;0.706;0.531;0.5860000000000001;0.548;0.43100000000000005;0.488;0.53;0.538;0.639;0.477;0.517;0.515;0.479;0.5469999999999999;0.46199999999999997;0.513;0.43300000000000005;0.505;0.0;0.45899999999999996;0.5700000000000001;0.474;0.5449999999999999;0.501;0.6;0.396;0.46799999999999997;0.681;0.54;0.7090000000000001;0.5349999999999999;0.603;0.496;0.5389999999999999;0.44699999999999995;0.538;0.51;0.508;0.503;0.793;0.376;0.41500000000000004;0.515;0.5409999999999999;0.546;0.33999999999999997;0.562;0.45299999999999996;0.7090000000000001;0.46799999999999997;0.6819999999999999;0.469;0.7010000000000001;0.53;0.473
0.5740000000000001;0.563;0.522;0.522;0.492;0.479;0.493;0.5680000000000001;0.5660000000000001;0.7090000000000001;0.78;0.598;0.502;0.5640000000000001;0.554;0.471;0.521;0.5529999999999999;0.5760000000000001;0.611;0.753;0.632;0.73;0.69;0.6679999999999999;0.42300000000000004;0.534;0.6910000000000001;0.496;0.5800000000000001;0.747;0.7110000000000001;0.735;0.5589999999999999;0.6799999999999999;0.494;0.45899999999999996;0.488;0.495;0.44999999999999996;0.5760000000000001;0.46199999999999997;0.619;0.651;0.47;0.606;0.477;0.601;0.596;0.474;0.45899999999999996;0.0;0.609;0.43400000000000005;0.488;0.577;0.5660000000000001;0.474;0.524;0.732;0.665;0.6699999999999999;0.46499999999999997;0.675;0.598;0.639;0.544;0.589;0.5740000000000001;0.504;0.478;0.758;0.45699999999999996;0.43000000000000005;0.567;0.618;0.5489999999999999;0.483;0.5900000000000001;0.44599999999999995;0.702;0.476;0.7050000000000001;0.483;0.638;0.618;0.5920000000000001
0.6890000000000001;0.61;0.8029999999999999;0.607;0.611;0.655;0.649;0.6599999999999999;0.6799999999999999;0.5569999999999999;0.857;0.812;0.653;0.5349999999999999;0.6799999999999999;0.64;0.5900000000000001;0.609;0.40700000000000003;0.521;0.625;0.52;0.5680000000000001;0.46199999999999997;0.542;0.56;0.636;0.512;0.72;0.71;0.6659999999999999;0.63;0.6759999999999999;0.523;0.5529999999999999;0.565;0.622;0.501;0.515;0.51;0.43899999999999995;0.577;0.526;0.527;0.567;0.75;0.607;0.52;0.53;0.5329999999999999;0.5700000000000001;0.609;0.0;0.601;0.51;0.5740000000000001;0.558;0.577;0.596;0.761;0.5589999999999999;0.46199999999999997;0.518;0.542;0.698;0.719;0.628;0.474;0.728;0.523;0.542;0.651;0.5349999999999999;0.589;0.5609999999999999;0.72;0.729;0.634;0.45899999999999996;0.5860000000000001;0.569;0.524;0.517;0.606;0.521;0.548;0.626
0.506;0.404;0.64;0.44099999999999995;0.46299999999999997;0.42600000000000005;0.487;0.5489999999999999;0.5489999999999999;0.675;0.778;0.635;0.489;0.522;0.499;0.474;0.43600000000000005;0.505;0.6;0.538;0.688;0.597;0.698;0.694;0.656;0.43400000000000005;0.41400000000000003;0.663;0.511;0.5429999999999999;0.6699999999999999;0.704;0.742;0.6;0.603;0.5700000000000001;0.33799999999999997;0.518;0.46499999999999997;0.563;0.548;0.46699999999999997;0.594;0.5720000000000001;0.473;0.484;0.45299999999999996;0.517;0.5349999999999999;0.505;0.474;0.43400000000000005;0.601;0.0;0.44899999999999995;0.552;0.567;0.377;0.514;0.734;0.6699999999999999;0.6779999999999999;0.472;0.647;0.514;0.528;0.43899999999999995;0.511;0.612;0.47;0.45299999999999996;0.763;0.406;0.386;0.517;0.635;0.5880000000000001;0.41400000000000003;0.527;0.404;0.71;0.474;0.669;0.46099999999999997;0.646;0.603;0.525
0.627;0.44599999999999995;0.6970000000000001;0.488;0.478;0.43999999999999995;0.527;0.601;0.5740000000000001;0.654;0.776;0.669;0.5640000000000001;0.494;0.5640000000000001;0.521;0.499;0.625;0.493;0.527;0.671;0.56;0.577;0.647;0.594;0.43000000000000005;0.526;0.646;0.5569999999999999;0.642;0.639;0.61;0.756;0.534;0.634;0.43899999999999995;0.477;0.377;0.31299999999999994;0.41000000000000003;0.482;0.46199999999999997;0.5409999999999999;0.481;0.509;0.642;0.46499999999999997;0.516;0.534;0.42400000000000004;0.5449999999999999;0.488;0.51;0.44899999999999995;0.0;0.5640000000000001;0.472;0.472;0.483;0.712;0.5820000000000001;0.589;0.42900000000000005;0.629;0.5660000000000001;0.657;0.44299999999999995;0.528;0.639;0.39;0.406;0.735;0.497;0.48;0.46699999999999997;0.628;0.538;0.581;0.482;0.44599999999999995;0.595;0.517;0.591;0.483;0.5549999999999999;0.52;0.5860000000000001
0.581;0.478;0.752;0.472;0.5529999999999999;0.494;0.526;0.534;0.497;0.657;0.728;0.669;0.5800000000000001;0.481;0.55;0.45199999999999996;0.5449999999999999;0.46499999999999997;0.602;0.604;0.5640000000000001;0.529;0.659;0.608;0.7010000000000001;0.593;0.527;0.626;0.606;0.519;0.507;0.531;0.529;0.546;0.606;0.675;0.486;0.61;0.601;0.577;0.5840000000000001;0.629;0.484;0.486;0.599;0.602;0.5389999999999999;0.45699999999999996;0.503;0.591;0.501;0.577;0.5740000000000001;0.552;0.5640000000000001;0.0;0.645;0.45899999999999996;0.474;0.509;0.579;0.712;0.616;0.587;0.5720000000000001;0.6;0.484;0.476;0.502;0.603;0.5780000000000001;0.783;0.46299999999999997;0.45699999999999996;0.478;0.55;0.633;0.522;0.546;0.522;0.6639999999999999;0.517;0.6799999999999999;0.45999999999999996;0.646;0.608;0.374
0.656;0.54;0.75;0.5800000000000001;0.638;0.617;0.5800000000000001;0.654;0.7030000000000001;0.62;0.786;0.779;0.692;0.54;0.6759999999999999;0.606;0.598;0.675;0.516;0.554;0.688;0.6699999999999999;0.5880000000000001;0.603;0.591;0.492;0.5900000000000001;0.604;0.6699999999999999;0.6779999999999999;0.6799999999999999;0.6719999999999999;0.766;0.593;0.606;0.502;0.5529999999999999;0.515;0.47;0.521;0.5409999999999999;0.571;0.6599999999999999;0.595;0.655;0.696;0.628;0.5720000000000001;0.5680000000000001;0.526;0.6;0.5660000000000001;0.558;0.567;0.472;0.645;0.0;0.5880000000000001;0.5760000000000001;0.788;0.642;0.5900000000000001;0.479;0.594;0.694;0.619;0.5840000000000001;0.604;0.7030000000000001;0.48;0.49;0.628;0.606;0.523;0.635;0.692;0.661;0.546;0.45899999999999996;0.5449999999999999;0.599;0.577;0.56;0.5660000000000001;0.516;0.593;0.6599999999999999
0.45199999999999996;0.32299999999999995;0.591;0.45499999999999996;0.40900000000000003;0.33899999999999997;0.469;0.498;0.40800000000000003;0.633;0.75;0.5860000000000001;0.43300000000000005;0.45499999999999996;0.43500000000000005;0.31399999999999995;0.31499999999999995;0.498;0.5349999999999999;0.55;0.633;0.5449999999999999;0.654;0.55;0.646;0.475;0.43100000000000005;0.5800000000000001;0.46599999999999997;0.527;0.638;0.651;0.669;0.504;0.5880000000000001;0.48;0.349;0.45899999999999996;0.477;0.501;0.608;0.46399999999999997;0.509;0.46099999999999997;0.44299999999999995;0.5369999999999999;0.374;0.56;0.43500000000000005;0.46499999999999997;0.396;0.474;0.577;0.377;0.472;0.45899999999999996;0.5880000000000001;0.0;0.351;0.627;0.621;0.702;0.44199999999999995;0.5780000000000001;0.479;0.522;0.364;0.514;0.44399999999999995;0.528;0.406;0.738;0.29000000000000004;0.32599999999999996;0.501;0.552;0.548;0.31699999999999995;0.562;0.364;0.688;0.33299999999999996;0.7150000000000001;0.44199999999999995;0.633;0.518;0.42700000000000005
0.45299999999999996;0.387;0.69;0.46199999999999997;0.47;0.534;0.41500000000000004;0.513;0.44999999999999996;0.6839999999999999;0.652;0.583;0.45099999999999996;0.509;0.42800000000000005;0.387;0.44099999999999995;0.519;0.558;0.589;0.65;0.575;0.622;0.5920000000000001;0.6970000000000001;0.5349999999999999;0.44899999999999995;0.653;0.43999999999999995;0.5700000000000001;0.651;0.688;0.646;0.5389999999999999;0.61;0.45699999999999996;0.398;0.503;0.485;0.5329999999999999;0.619;0.575;0.52;0.485;0.44399999999999995;0.5509999999999999;0.402;0.527;0.513;0.41400000000000003;0.46799999999999997;0.524;0.596;0.514;0.483;0.474;0.5760000000000001;0.351;0.0;0.6759999999999999;0.626;0.71;0.531;0.601;0.46399999999999997;0.397;0.471;0.474;0.497;0.5389999999999999;0.45199999999999996;0.76;0.382;0.23199999999999998;0.51;0.5780000000000001;0.536;0.406;0.5780000000000001;0.46699999999999997;0.688;0.379;0.649;0.397;0.654;0.54;0.516
0.6719999999999999;0.595;0.788;0.653;0.724;0.6639999999999999;0.648;0.587;0.521;0.798;0.589;0.6970000000000001;0.596;0.656;0.607;0.6639999999999999;0.677;0.598;0.704;0.738;0.777;0.714;0.753;0.784;0.81;0.708;0.626;0.762;0.652;0.5569999999999999;0.6779999999999999;0.6950000000000001;0.615;0.641;0.763;0.821;0.6599999999999999;0.704;0.757;0.728;0.6970000000000001;0.746;0.651;0.649;0.6839999999999999;0.629;0.6759999999999999;0.663;0.683;0.739;0.681;0.732;0.761;0.734;0.712;0.509;0.788;0.627;0.6759999999999999;0.0;0.762;0.8180000000000001;0.733;0.765;0.593;0.657;0.656;0.6739999999999999;0.505;0.718;0.7130000000000001;0.844;0.663;0.742;0.644;0.629;0.6679999999999999;0.7170000000000001;0.714;0.7030000000000001;0.773;0.653;0.821;0.721;0.77;0.637;0.501
0.724;0.647;0.852;0.632;0.659;0.636;0.617;0.71;0.706;0.56;0.9410000000000001;0.848;0.6859999999999999;0.504;0.675;0.599;0.643;0.595;0.562;0.548;0.529;0.509;0.528;0.525;0.5860000000000001;0.577;0.647;0.526;0.728;0.754;0.528;0.5469999999999999;0.639;0.55;0.534;0.632;0.647;0.567;0.573;0.594;0.5920000000000001;0.629;0.562;0.532;0.653;0.6950000000000001;0.646;0.521;0.522;0.5569999999999999;0.54;0.665;0.5589999999999999;0.6699999999999999;0.5820000000000001;0.579;0.642;0.621;0.626;0.762;0.0;0.562;0.5900000000000001;0.513;0.694;0.721;0.655;0.556;0.764;0.5780000000000001;0.558;0.743;0.601;0.622;0.554;0.766;0.764;0.628;0.5549999999999999;0.618;0.5660000000000001;0.626;0.5660000000000001;0.629;0.665;0.569;0.679
0.802;0.673;0.877;0.7;0.6970000000000001;0.6719999999999999;0.718;0.762;0.798;0.5680000000000001;0.9359999999999999;0.916;0.76;0.626;0.783;0.6739999999999999;0.6779999999999999;0.642;0.5369999999999999;0.613;0.631;0.639;0.526;0.5489999999999999;0.43899999999999995;0.5880000000000001;0.71;0.5529999999999999;0.789;0.8180000000000001;0.64;0.635;0.6890000000000001;0.616;0.502;0.681;0.6819999999999999;0.583;0.593;0.5920000000000001;0.538;0.656;0.581;0.601;0.687;0.8029999999999999;0.73;0.602;0.607;0.5660000000000001;0.7090000000000001;0.6699999999999999;0.46199999999999997;0.6779999999999999;0.589;0.712;0.5900000000000001;0.702;0.71;0.8180000000000001;0.562;0.0;0.61;0.506;0.8;0.761;0.7070000000000001;0.5700000000000001;0.81;0.605;0.5840000000000001;0.661;0.71;0.694;0.601;0.8089999999999999;0.792;0.7110000000000001;0.482;0.683;0.583;0.7010000000000001;0.44799999999999995;0.7110000000000001;0.556;0.617;0.7010000000000001
0.5640000000000001;0.43300000000000005;0.6859999999999999;0.46399999999999997;0.523;0.48;0.5469999999999999;0.617;0.63;0.6739999999999999;0.744;0.679;0.5640000000000001;0.43000000000000005;0.609;0.469;0.504;0.5820000000000001;0.508;0.523;0.6619999999999999;0.5489999999999999;0.667;0.642;0.611;0.43799999999999994;0.5589999999999999;0.639;0.493;0.632;0.636;0.624;0.735;0.53;0.657;0.42900000000000005;0.495;0.37;0.378;0.43000000000000005;0.527;0.42900000000000005;0.5469999999999999;0.516;0.583;0.643;0.486;0.53;0.538;0.43600000000000005;0.5349999999999999;0.46499999999999997;0.518;0.472;0.42900000000000005;0.616;0.479;0.44199999999999995;0.531;0.733;0.5900000000000001;0.61;0.0;0.645;0.635;0.577;0.499;0.548;0.654;0.398;0.351;0.708;0.51;0.5369999999999999;0.546;0.6890000000000001;0.632;0.5349999999999999;0.51;0.46499999999999997;0.677;0.527;0.585;0.491;0.573;0.569;0.563
0.75;0.587;0.853;0.6;0.657;0.5840000000000001;0.657;0.723;0.7130000000000001;0.404;0.929;0.831;0.692;0.48;0.7;0.56;0.594;0.595;0.489;0.531;0.5;0.52;0.374;0.361;0.479;0.608;0.602;0.352;0.7010000000000001;0.765;0.507;0.5429999999999999;0.652;0.36;0.34299999999999997;0.6719999999999999;0.615;0.5720000000000001;0.594;0.64;0.517;0.644;0.5720000000000001;0.519;0.6;0.763;0.606;0.52;0.5409999999999999;0.5860000000000001;0.603;0.675;0.542;0.647;0.629;0.587;0.594;0.5780000000000001;0.601;0.765;0.513;0.506;0.645;0.0;0.673;0.764;0.606;0.544;0.742;0.538;0.627;0.6990000000000001;0.505;0.587;0.54;0.789;0.749;0.617;0.495;0.639;0.45199999999999996;0.629;0.508;0.646;0.558;0.544;0.61
0.44999999999999996;0.43799999999999994;0.641;0.514;0.473;0.496;0.522;0.397;0.41200000000000003;0.718;0.735;0.525;0.37;0.618;0.396;0.376;0.504;0.5760000000000001;0.643;0.677;0.7070000000000001;0.647;0.754;0.728;0.76;0.6619999999999999;0.534;0.681;0.44099999999999995;0.41300000000000003;0.7170000000000001;0.778;0.786;0.615;0.6910000000000001;0.542;0.45799999999999996;0.612;0.5489999999999999;0.62;0.7090000000000001;0.573;0.631;0.615;0.503;0.48;0.486;0.546;0.615;0.512;0.496;0.598;0.698;0.514;0.5660000000000001;0.5720000000000001;0.694;0.479;0.46399999999999997;0.593;0.694;0.8;0.635;0.673;0.0;0.44299999999999995;0.47;0.633;0.40800000000000003;0.565;0.622;0.8220000000000001;0.41200000000000003;0.45099999999999996;0.617;0.494;0.556;0.44999999999999996;0.683;0.524;0.724;0.51;0.802;0.46399999999999997;0.746;0.64;0.563
0.45799999999999996;0.531;0.633;0.548;0.5660000000000001;0.492;0.554;0.509;0.5409999999999999;0.8180000000000001;0.644;0.679;0.44499999999999995;0.595;0.42100000000000004;0.513;0.5369999999999999;0.61;0.6679999999999999;0.6579999999999999;0.747;0.688;0.747;0.754;0.774;0.542;0.563;0.775;0.497;0.5569999999999999;0.829;0.8160000000000001;0.8140000000000001;0.603;0.758;0.44299999999999995;0.501;0.599;0.5820000000000001;0.639;0.673;0.46699999999999997;0.602;0.5880000000000001;0.493;0.527;0.499;0.615;0.639;0.501;0.5389999999999999;0.639;0.719;0.528;0.657;0.6;0.619;0.522;0.397;0.657;0.721;0.761;0.577;0.764;0.44299999999999995;0.0;0.5369999999999999;0.554;0.5469999999999999;0.573;0.523;0.846;0.518;0.41700000000000004;0.598;0.571;0.5429999999999999;0.472;0.7050000000000001;0.532;0.769;0.524;0.748;0.558;0.767;0.633;0.585
0.45099999999999996;0.355;0.6659999999999999;0.469;0.483;0.32699999999999996;0.46199999999999997;0.504;0.481;0.677;0.687;0.61;0.507;0.531;0.44499999999999995;0.346;0.43899999999999995;0.53;0.639;0.5720000000000001;0.6759999999999999;0.5680000000000001;0.649;0.6599999999999999;0.7050000000000001;0.498;0.395;0.626;0.46399999999999997;0.571;0.6599999999999999;0.651;0.692;0.552;0.623;0.502;0.368;0.556;0.491;0.531;0.593;0.538;0.546;0.521;0.469;0.606;0.41600000000000004;0.603;0.5449999999999999;0.497;0.44699999999999995;0.544;0.628;0.43899999999999995;0.44299999999999995;0.484;0.5840000000000001;0.364;0.471;0.656;0.655;0.7070000000000001;0.499;0.606;0.47;0.5369999999999999;0.0;0.54;0.605;0.391;0.475;0.78;0.353;0.354;0.5469999999999999;0.587;0.5609999999999999;0.371;0.565;0.43899999999999995;0.643;0.46699999999999997;0.722;0.532;0.654;0.55;0.538
0.62;0.5569999999999999;0.804;0.522;0.601;0.5389999999999999;0.521;0.5900000000000001;0.617;0.583;0.8029999999999999;0.79;0.633;0.41600000000000004;0.552;0.501;0.5569999999999999;0.5409999999999999;0.487;0.496;0.6;0.486;0.563;0.54;0.625;0.5509999999999999;0.593;0.5660000000000001;0.618;0.652;0.581;0.571;0.6699999999999999;0.43600000000000005;0.5760000000000001;0.594;0.514;0.489;0.5389999999999999;0.511;0.531;0.594;0.42600000000000005;0.41400000000000003;0.5780000000000001;0.6819999999999999;0.544;0.42300000000000004;0.43100000000000005;0.44999999999999996;0.538;0.589;0.474;0.511;0.528;0.476;0.604;0.514;0.474;0.6739999999999999;0.556;0.5700000000000001;0.548;0.544;0.633;0.554;0.54;0.0;0.623;0.536;0.46699999999999997;0.733;0.501;0.353;0.41900000000000004;0.665;0.652;0.5880000000000001;0.44199999999999995;0.558;0.581;0.569;0.489;0.567;0.5640000000000001;0.44199999999999995;0.476
0.379;0.42700000000000005;0.613;0.5529999999999999;0.616;0.46699999999999997;0.491;0.515;0.31399999999999995;0.786;0.608;0.473;0.399;0.638;0.382;0.527;0.517;0.587;0.692;0.669;0.71;0.657;0.766;0.742;0.791;0.61;0.536;0.752;0.478;0.386;0.6990000000000001;0.6619999999999999;0.714;0.631;0.736;0.648;0.475;0.5860000000000001;0.5820000000000001;0.5680000000000001;0.7;0.595;0.654;0.627;0.492;0.502;0.5369999999999999;0.637;0.698;0.663;0.51;0.5740000000000001;0.728;0.612;0.639;0.502;0.7030000000000001;0.44399999999999995;0.497;0.505;0.764;0.81;0.654;0.742;0.40800000000000003;0.5469999999999999;0.605;0.623;0.0;0.594;0.5720000000000001;0.833;0.45699999999999996;0.494;0.6699999999999999;0.44799999999999995;0.587;0.489;0.71;0.5700000000000001;0.793;0.46199999999999997;0.8160000000000001;0.563;0.712;0.651;0.502
0.5469999999999999;0.45499999999999996;0.732;0.5349999999999999;0.585;0.42100000000000004;0.49;0.598;0.5760000000000001;0.616;0.775;0.657;0.571;0.505;0.56;0.475;0.505;0.602;0.505;0.46099999999999997;0.657;0.52;0.472;0.611;0.563;0.4;0.44799999999999995;0.5920000000000001;0.5589999999999999;0.649;0.495;0.624;0.773;0.497;0.615;0.44799999999999995;0.483;0.365;0.366;0.42700000000000005;0.513;0.42800000000000005;0.548;0.491;0.479;0.647;0.44099999999999995;0.534;0.536;0.382;0.508;0.504;0.523;0.47;0.39;0.603;0.48;0.528;0.5389999999999999;0.718;0.5780000000000001;0.605;0.398;0.538;0.565;0.573;0.391;0.536;0.594;0.0;0.395;0.7010000000000001;0.45999999999999996;0.471;0.486;0.626;0.628;0.48;0.488;0.513;0.569;0.507;0.595;0.534;0.518;0.47;0.5780000000000001
0.531;0.44499999999999995;0.683;0.44699999999999995;0.494;0.473;0.518;0.589;0.5920000000000001;0.655;0.763;0.6719999999999999;0.558;0.473;0.598;0.44399999999999995;0.475;0.573;0.485;0.514;0.642;0.589;0.5660000000000001;0.63;0.5900000000000001;0.41500000000000004;0.546;0.64;0.5389999999999999;0.603;0.643;0.642;0.733;0.526;0.594;0.44999999999999996;0.5760000000000001;0.396;0.356;0.402;0.511;0.44499999999999995;0.484;0.504;0.502;0.61;0.46299999999999997;0.524;0.505;0.34099999999999997;0.503;0.478;0.542;0.45299999999999996;0.406;0.5780000000000001;0.49;0.406;0.45199999999999996;0.7130000000000001;0.558;0.5840000000000001;0.351;0.627;0.622;0.523;0.475;0.46699999999999997;0.5720000000000001;0.395;0.0;0.6950000000000001;0.43500000000000005;0.385;0.526;0.652;0.626;0.46299999999999997;0.469;0.406;0.657;0.45599999999999996;0.5609999999999999;0.46099999999999997;0.552;0.5349999999999999;0.536
0.8220000000000001;0.745;0.895;0.784;0.8029999999999999;0.788;0.751;0.798;0.792;0.745;0.9;0.887;0.825;0.723;0.821;0.741;0.735;0.74;0.655;0.729;0.791;0.745;0.728;0.6950000000000001;0.643;0.6930000000000001;0.782;0.69;0.862;0.843;0.8049999999999999;0.8009999999999999;0.86;0.731;0.71;0.782;0.785;0.7090000000000001;0.7010000000000001;0.7050000000000001;0.648;0.79;0.7050000000000001;0.6839999999999999;0.7989999999999999;0.823;0.766;0.6970000000000001;0.7030000000000001;0.6739999999999999;0.793;0.758;0.651;0.763;0.735;0.783;0.628;0.738;0.76;0.844;0.743;0.661;0.708;0.6990000000000001;0.8220000000000001;0.846;0.78;0.733;0.833;0.7010000000000001;0.6950000000000001;0.0;0.743;0.782;0.727;0.843;0.825;0.8;0.631;0.748;0.721;0.735;0.607;0.761;0.583;0.733;0.766
0.45199999999999996;0.378;0.5820000000000001;0.43600000000000005;0.401;0.32299999999999995;0.46299999999999997;0.478;0.482;0.6910000000000001;0.687;0.655;0.41200000000000003;0.473;0.45599999999999996;0.28700000000000003;0.37;0.498;0.5369999999999999;0.526;0.638;0.522;0.649;0.571;0.673;0.45599999999999996;0.41900000000000004;0.487;0.44799999999999995;0.45399999999999996;0.626;0.639;0.652;0.38;0.5840000000000001;0.517;0.33499999999999996;0.42900000000000005;0.41900000000000004;0.471;0.567;0.45899999999999996;0.527;0.41800000000000004;0.383;0.538;0.30100000000000005;0.485;0.485;0.44699999999999995;0.376;0.45699999999999996;0.5349999999999999;0.406;0.497;0.46299999999999997;0.606;0.29000000000000004;0.382;0.663;0.601;0.71;0.51;0.505;0.41200000000000003;0.518;0.353;0.501;0.45699999999999996;0.45999999999999996;0.43500000000000005;0.743;0.0;0.32699999999999996;0.501;0.56;0.538;0.33199999999999996;0.562;0.356;0.651;0.40800000000000003;0.6859999999999999;0.359;0.632;0.502;0.41200000000000003
0.43899999999999995;0.31999999999999995;0.679;0.399;0.45899999999999996;0.348;0.46399999999999997;0.475;0.44599999999999995;0.669;0.675;0.622;0.44999999999999996;0.5;0.41200000000000003;0.33799999999999997;0.404;0.524;0.5529999999999999;0.544;0.647;0.524;0.628;0.635;0.6839999999999999;0.486;0.42400000000000004;0.619;0.42500000000000004;0.47;0.64;0.653;0.644;0.478;0.613;0.5369999999999999;0.386;0.46499999999999997;0.483;0.47;0.5680000000000001;0.46499999999999997;0.517;0.552;0.393;0.53;0.45399999999999996;0.562;0.507;0.405;0.41500000000000004;0.43000000000000005;0.589;0.386;0.48;0.45699999999999996;0.523;0.32599999999999996;0.23199999999999998;0.742;0.622;0.694;0.5369999999999999;0.587;0.45099999999999996;0.41700000000000004;0.354;0.353;0.494;0.471;0.385;0.782;0.32699999999999996;0.0;0.505;0.569;0.542;0.35;0.562;0.406;0.6659999999999999;0.378;0.6;0.498;0.63;0.521;0.508
0.641;0.513;0.735;0.506;0.469;0.51;0.522;0.622;0.647;0.575;0.808;0.742;0.587;0.42800000000000005;0.629;0.493;0.518;0.511;0.493;0.486;0.56;0.502;0.5509999999999999;0.577;0.651;0.522;0.516;0.554;0.594;0.649;0.542;0.6;0.6579999999999999;0.397;0.54;0.5860000000000001;0.514;0.493;0.504;0.532;0.46699999999999997;0.579;0.41500000000000004;0.396;0.45199999999999996;0.648;0.508;0.406;0.40900000000000003;0.577;0.515;0.567;0.5609999999999999;0.517;0.46699999999999997;0.478;0.635;0.501;0.51;0.644;0.554;0.601;0.546;0.54;0.617;0.598;0.5469999999999999;0.41900000000000004;0.6699999999999999;0.486;0.526;0.727;0.501;0.505;0.0;0.647;0.598;0.525;0.525;0.562;0.577;0.5569999999999999;0.635;0.523;0.5920000000000001;0.41500000000000004;0.46499999999999997
0.511;0.536;0.6599999999999999;0.542;0.5900000000000001;0.587;0.5760000000000001;0.5900000000000001;0.39;0.795;0.655;0.6;0.509;0.652;0.512;0.554;0.532;0.607;0.732;0.702;0.735;0.694;0.783;0.796;0.833;0.65;0.656;0.784;0.636;0.488;0.752;0.763;0.746;0.6819999999999999;0.783;0.659;0.595;0.619;0.62;0.654;0.716;0.706;0.657;0.641;0.611;0.53;0.595;0.663;0.6639999999999999;0.64;0.5409999999999999;0.618;0.72;0.635;0.628;0.55;0.692;0.552;0.5780000000000001;0.629;0.766;0.8089999999999999;0.6890000000000001;0.789;0.494;0.571;0.587;0.665;0.44799999999999995;0.626;0.652;0.843;0.56;0.569;0.647;0.0;0.5509999999999999;0.528;0.762;0.5900000000000001;0.808;0.5700000000000001;0.83;0.5660000000000001;0.806;0.6779999999999999;0.5329999999999999
0.546;0.544;0.585;0.594;0.594;0.5429999999999999;0.5429999999999999;0.54;0.532;0.773;0.6970000000000001;0.596;0.542;0.637;0.56;0.542;0.5549999999999999;0.653;0.6990000000000001;0.6759999999999999;0.845;0.673;0.764;0.776;0.8089999999999999;0.642;0.575;0.758;0.486;0.54;0.765;0.8180000000000001;0.839;0.636;0.768;0.636;0.55;0.644;0.579;0.645;0.698;0.635;0.633;0.661;0.579;0.5609999999999999;0.538;0.643;0.641;0.597;0.546;0.5489999999999999;0.729;0.5880000000000001;0.538;0.633;0.661;0.548;0.536;0.6679999999999999;0.764;0.792;0.632;0.749;0.556;0.5429999999999999;0.5609999999999999;0.652;0.587;0.628;0.626;0.825;0.538;0.542;0.598;0.5509999999999999;0.0;0.546;0.696;0.581;0.8009999999999999;0.595;0.8180000000000001;0.56;0.782;0.648;0.649
0.469;0.36;0.6599999999999999;0.42000000000000004;0.46399999999999997;0.346;0.475;0.522;0.45899999999999996;0.6699999999999999;0.732;0.635;0.5660000000000001;0.525;0.474;0.33199999999999996;0.401;0.5800000000000001;0.625;0.5529999999999999;0.692;0.525;0.6619999999999999;0.604;0.679;0.48;0.43200000000000005;0.595;0.43999999999999995;0.493;0.642;0.681;0.6579999999999999;0.483;0.593;0.46099999999999997;0.359;0.42500000000000004;0.43700000000000006;0.5469999999999999;0.565;0.536;0.512;0.52;0.473;0.538;0.393;0.523;0.527;0.41700000000000004;0.33999999999999997;0.483;0.634;0.41400000000000003;0.581;0.522;0.546;0.31699999999999995;0.406;0.7170000000000001;0.628;0.7110000000000001;0.5349999999999999;0.617;0.44999999999999996;0.472;0.371;0.5880000000000001;0.489;0.48;0.46299999999999997;0.8;0.33199999999999996;0.35;0.525;0.528;0.546;0.0;0.5740000000000001;0.43000000000000005;0.6779999999999999;0.43799999999999994;0.6930000000000001;0.404;0.671;0.5529999999999999;0.489
0.736;0.55;0.793;0.604;0.627;0.5880000000000001;0.599;0.657;0.7010000000000001;0.52;0.8260000000000001;0.8200000000000001;0.6679999999999999;0.515;0.681;0.585;0.599;0.5840000000000001;0.403;0.508;0.604;0.538;0.5429999999999999;0.502;0.497;0.527;0.5489999999999999;0.548;0.6779999999999999;0.75;0.614;0.595;0.721;0.496;0.508;0.5660000000000001;0.55;0.49;0.492;0.49;0.42800000000000005;0.54;0.521;0.521;0.5760000000000001;0.761;0.573;0.46799999999999997;0.511;0.46699999999999997;0.562;0.5900000000000001;0.45899999999999996;0.527;0.482;0.546;0.45899999999999996;0.562;0.5780000000000001;0.714;0.5549999999999999;0.482;0.51;0.495;0.683;0.7050000000000001;0.565;0.44199999999999995;0.71;0.488;0.469;0.631;0.562;0.562;0.525;0.762;0.696;0.5740000000000001;0.0;0.53;0.522;0.597;0.486;0.5609999999999999;0.482;0.523;0.661
0.502;0.40700000000000003;0.647;0.45099999999999996;0.478;0.371;0.476;0.513;0.518;0.675;0.7030000000000001;0.661;0.46199999999999997;0.502;0.602;0.36;0.42500000000000004;0.5820000000000001;0.573;0.512;0.7030000000000001;0.5469999999999999;0.649;0.669;0.64;0.475;0.43999999999999995;0.653;0.471;0.594;0.6699999999999999;0.6910000000000001;0.724;0.5369999999999999;0.649;0.46099999999999997;0.42200000000000004;0.44799999999999995;0.44899999999999995;0.501;0.5549999999999999;0.44799999999999995;0.5720000000000001;0.565;0.517;0.591;0.41800000000000004;0.567;0.579;0.44999999999999996;0.45299999999999996;0.44599999999999995;0.5860000000000001;0.404;0.44599999999999995;0.522;0.5449999999999999;0.364;0.46699999999999997;0.7030000000000001;0.618;0.683;0.46499999999999997;0.639;0.524;0.532;0.43899999999999995;0.558;0.5700000000000001;0.513;0.406;0.748;0.356;0.406;0.562;0.5900000000000001;0.581;0.43000000000000005;0.53;0.0;0.71;0.44699999999999995;0.65;0.42200000000000004;0.629;0.5840000000000001;0.518
0.779;0.641;0.898;0.646;0.69;0.649;0.621;0.71;0.778;0.49;0.944;0.88;0.774;0.593;0.786;0.629;0.683;0.656;0.575;0.634;0.544;0.625;0.365;0.476;0.5720000000000001;0.669;0.5640000000000001;0.46199999999999997;0.768;0.8069999999999999;0.42300000000000004;0.5660000000000001;0.6679999999999999;0.5920000000000001;0.46599999999999997;0.704;0.675;0.606;0.607;0.618;0.575;0.6839999999999999;0.5920000000000001;0.575;0.629;0.777;0.636;0.569;0.5800000000000001;0.621;0.7090000000000001;0.702;0.569;0.71;0.595;0.6639999999999999;0.599;0.688;0.688;0.773;0.5660000000000001;0.583;0.677;0.45199999999999996;0.724;0.769;0.643;0.581;0.793;0.569;0.657;0.721;0.651;0.6659999999999999;0.577;0.808;0.8009999999999999;0.6779999999999999;0.522;0.71;0.0;0.685;0.563;0.6779999999999999;0.605;0.5349999999999999;0.647
0.46199999999999997;0.43300000000000005;0.643;0.46699999999999997;0.43700000000000006;0.44699999999999995;0.46599999999999997;0.573;0.43799999999999994;0.636;0.656;0.6739999999999999;0.505;0.5660000000000001;0.496;0.42300000000000004;0.42000000000000004;0.527;0.595;0.589;0.6890000000000001;0.502;0.647;0.5820000000000001;0.685;0.571;0.473;0.589;0.493;0.492;0.679;0.639;0.64;0.562;0.654;0.544;0.405;0.46299999999999997;0.5589999999999999;0.526;0.577;0.5900000000000001;0.575;0.542;0.368;0.517;0.43300000000000005;0.507;0.5589999999999999;0.46299999999999997;0.46799999999999997;0.476;0.524;0.474;0.517;0.517;0.577;0.33299999999999996;0.379;0.653;0.626;0.7010000000000001;0.527;0.629;0.51;0.524;0.46699999999999997;0.569;0.46199999999999997;0.507;0.45599999999999996;0.735;0.40800000000000003;0.378;0.5569999999999999;0.5700000000000001;0.595;0.43799999999999994;0.597;0.44699999999999995;0.685;0.0;0.688;0.386;0.6859999999999999;0.5680000000000001;0.5760000000000001
0.775;0.704;0.902;0.6950000000000001;0.743;0.6859999999999999;0.6970000000000001;0.74;0.8;0.5920000000000001;0.931;0.884;0.787;0.601;0.733;0.671;0.687;0.741;0.525;0.593;0.675;0.615;0.5569999999999999;0.538;0.43300000000000005;0.617;0.7070000000000001;0.563;0.79;0.8200000000000001;0.5880000000000001;0.623;0.753;0.634;0.522;0.6619999999999999;0.7170000000000001;0.587;0.6;0.5780000000000001;0.567;0.671;0.649;0.606;0.7170000000000001;0.785;0.694;0.608;0.619;0.5469999999999999;0.6819999999999999;0.7050000000000001;0.517;0.669;0.591;0.6799999999999999;0.56;0.7150000000000001;0.649;0.821;0.5660000000000001;0.44799999999999995;0.585;0.508;0.802;0.748;0.722;0.489;0.8160000000000001;0.595;0.5609999999999999;0.607;0.6859999999999999;0.6;0.635;0.83;0.8180000000000001;0.6930000000000001;0.486;0.65;0.563;0.688;0.0;0.6639999999999999;0.544;0.623;0.669
0.469;0.394;0.6679999999999999;0.46599999999999997;0.42000000000000004;0.40700000000000003;0.471;0.515;0.48;0.673;0.7070000000000001;0.73;0.5609999999999999;0.525;0.44899999999999995;0.281;0.45899999999999996;0.508;0.603;0.55;0.6859999999999999;0.589;0.615;0.649;0.6950000000000001;0.532;0.492;0.64;0.5;0.552;0.726;0.6639999999999999;0.6990000000000001;0.527;0.615;0.474;0.42200000000000004;0.481;0.477;0.5489999999999999;0.5900000000000001;0.5389999999999999;0.5389999999999999;0.5740000000000001;0.401;0.554;0.33399999999999996;0.46199999999999997;0.546;0.501;0.469;0.483;0.606;0.46099999999999997;0.483;0.45999999999999996;0.5660000000000001;0.44199999999999995;0.397;0.721;0.629;0.7110000000000001;0.491;0.646;0.46399999999999997;0.558;0.532;0.567;0.563;0.534;0.46099999999999997;0.761;0.359;0.498;0.523;0.5660000000000001;0.56;0.404;0.5609999999999999;0.42200000000000004;0.6779999999999999;0.386;0.6639999999999999;0.0;0.665;0.596;0.46699999999999997
0.769;0.601;0.834;0.65;0.7050000000000001;0.6699999999999999;0.6;0.7989999999999999;0.75;0.649;0.844;0.851;0.7110000000000001;0.54;0.733;0.652;0.632;0.7170000000000001;0.488;0.626;0.688;0.6;0.598;0.587;0.497;0.5800000000000001;0.651;0.636;0.734;0.771;0.638;0.604;0.776;0.579;0.612;0.643;0.646;0.601;0.583;0.43700000000000006;0.534;0.61;0.593;0.618;0.661;0.771;0.6819999999999999;0.615;0.601;0.5660000000000001;0.7010000000000001;0.638;0.521;0.646;0.5549999999999999;0.646;0.516;0.633;0.654;0.77;0.665;0.556;0.573;0.558;0.746;0.767;0.654;0.5640000000000001;0.712;0.518;0.552;0.583;0.632;0.63;0.5920000000000001;0.806;0.782;0.671;0.482;0.629;0.605;0.6859999999999999;0.544;0.665;0.0;0.5740000000000001;0.639
0.644;0.51;0.76;0.5780000000000001;0.594;0.473;0.515;0.625;0.647;0.5720000000000001;0.842;0.789;0.631;0.43899999999999995;0.631;0.511;0.527;0.5349999999999999;0.522;0.518;0.608;0.515;0.522;0.556;0.626;0.5429999999999999;0.472;0.562;0.631;0.645;0.487;0.585;0.6990000000000001;0.42100000000000004;0.562;0.615;0.527;0.54;0.5469999999999999;0.524;0.523;0.575;0.45399999999999996;0.403;0.5660000000000001;0.708;0.5329999999999999;0.41600000000000004;0.43400000000000005;0.5429999999999999;0.53;0.618;0.548;0.603;0.52;0.608;0.593;0.518;0.54;0.637;0.569;0.617;0.569;0.544;0.64;0.633;0.55;0.44199999999999995;0.651;0.47;0.5349999999999999;0.733;0.502;0.521;0.41500000000000004;0.6779999999999999;0.648;0.5529999999999999;0.523;0.5840000000000001;0.5349999999999999;0.5680000000000001;0.623;0.596;0.5740000000000001;0.0;0.515
0.581;0.45799999999999996;0.753;0.511;0.581;0.473;0.475;0.5549999999999999;0.43400000000000005;0.63;0.721;0.634;0.5700000000000001;0.46599999999999997;0.567;0.44599999999999995;0.46099999999999997;0.43000000000000005;0.599;0.529;0.5369999999999999;0.512;0.6579999999999999;0.6;0.6679999999999999;0.56;0.482;0.589;0.55;0.503;0.504;0.507;0.5469999999999999;0.503;0.603;0.618;0.529;0.5860000000000001;0.633;0.5880000000000001;0.5820000000000001;0.579;0.491;0.44599999999999995;0.475;0.598;0.46699999999999997;0.579;0.475;0.5720000000000001;0.473;0.5920000000000001;0.626;0.525;0.5860000000000001;0.374;0.6599999999999999;0.42700000000000005;0.516;0.501;0.679;0.7010000000000001;0.563;0.61;0.563;0.585;0.538;0.476;0.502;0.5780000000000001;0.536;0.766;0.41200000000000003;0.508;0.46499999999999997;0.5329999999999999;0.649;0.489;0.661;0.518;0.647;0.5760000000000001;0.669;0.46699999999999997;0.639;0.515;0.0
