1.0;0.57;0.31;0.45;0.489;0.518;0.48;0.541;0.618;0.211;0.7;0.51;0.585;0.301;0.631;0.537;0.453;0.396;0.298;0.34;0.261;0.345;0.233;0.249;0.203;0.402;0.45;0.181;0.529;0.593;0.255;0.313;0.356;0.33;0.228;0.335;0.514;0.354;0.416;0.387;0.29;0.358;0.35;0.362;0.512;0.424;0.507;0.355;0.351;0.421;0.435;0.41;0.289;0.401;0.424;0.466;0.325;0.525;0.533;0.676;0.209;0.202;0.42;0.242;0.591;0.528;0.534;0.359;0.639;0.434;0.435;0.178;0.497;0.536;0.348;0.561;0.447;0.507;0.302;0.472;0.23;0.473;0.208;0.51;0.268;0.34;0.468
0.649;1.0;0.359;0.565;0.563;0.661;0.577;0.567;0.657;0.313;0.77;0.539;0.553;0.518;0.586;0.662;0.582;0.548;0.424;0.388;0.453;0.434;0.369;0.396;0.292;0.508;0.589;0.356;0.552;0.611;0.49;0.525;0.569;0.452;0.354;0.452;0.635;0.52;0.505;0.521;0.428;0.527;0.453;0.482;0.606;0.455;0.59;0.429;0.404;0.478;0.549;0.461;0.376;0.583;0.525;0.655;0.433;0.669;0.597;0.789;0.376;0.283;0.511;0.408;0.562;0.523;0.647;0.476;0.692;0.514;0.52;0.238;0.669;0.659;0.465;0.558;0.436;0.623;0.428;0.575;0.329;0.558;0.287;0.59;0.386;0.487;0.653
0.359;0.384;1.0;0.355;0.377;0.391;0.343;0.401;0.5;0.156;0.581;0.597;0.515;0.241;0.44;0.408;0.332;0.318;0.212;0.205;0.126;0.215;0.135;0.128;0.13;0.369;0.34;0.133;0.438;0.5;0.13;0.123;0.143;0.237;0.195;0.275;0.397;0.241;0.32;0.303;0.195;0.361;0.221;0.256;0.331;0.358;0.389;0.205;0.238;0.323;0.367;0.488;0.19;0.373;0.248;0.282;0.215;0.408;0.309;0.426;0.134;0.1;0.334;0.149;0.443;0.366;0.326;0.204;0.498;0.322;0.316;0.113;0.398;0.392;0.258;0.391;0.436;0.4;0.198;0.345;0.118;0.386;0.089;0.306;0.159;0.235;0.307
0.517;0.575;0.334;1.0;0.498;0.545;0.518;0.523;0.541;0.344;0.526;0.484;0.539;0.486;0.526;0.569;0.572;0.546;0.43;0.439;0.406;0.429;0.361;0.358;0.256;0.447;0.558;0.336;0.519;0.574;0.383;0.43;0.508;0.526;0.373;0.482;0.499;0.442;0.4;0.498;0.413;0.484;0.445;0.432;0.521;0.483;0.529;0.464;0.478;0.491;0.556;0.481;0.324;0.495;0.49;0.555;0.406;0.583;0.509;0.644;0.39;0.3;0.463;0.344;0.541;0.472;0.522;0.447;0.527;0.431;0.48;0.212;0.588;0.576;0.527;0.554;0.438;0.508;0.409;0.517;0.311;0.524;0.294;0.564;0.315;0.456;0.588
0.512;0.564;0.304;0.504;1.0;0.52;0.496;0.415;0.537;0.34;0.539;0.479;0.568;0.451;0.446;0.572;0.484;0.483;0.405;0.39;0.392;0.442;0.342;0.348;0.296;0.449;0.483;0.355;0.414;0.514;0.386;0.367;0.477;0.409;0.335;0.492;0.567;0.399;0.408;0.382;0.467;0.493;0.442;0.402;0.658;0.515;0.563;0.458;0.401;0.452;0.485;0.5;0.423;0.508;0.464;0.533;0.393;0.538;0.519;0.551;0.321;0.269;0.491;0.332;0.52;0.508;0.54;0.375;0.534;0.453;0.452;0.21;0.545;0.565;0.526;0.498;0.404;0.564;0.351;0.557;0.335;0.593;0.281;0.558;0.254;0.425;0.542
0.591;0.652;0.356;0.498;0.506;1.0;0.535;0.574;0.636;0.313;0.589;0.517;0.543;0.5;0.612;0.647;0.565;0.542;0.422;0.44;0.464;0.448;0.409;0.362;0.309;0.51;0.624;0.384;0.554;0.617;0.515;0.458;0.573;0.52;0.374;0.489;0.613;0.508;0.52;0.501;0.421;0.503;0.455;0.465;0.597;0.532;0.526;0.465;0.469;0.403;0.558;0.503;0.363;0.605;0.525;0.633;0.447;0.652;0.572;0.717;0.351;0.28;0.497;0.388;0.547;0.517;0.639;0.46;0.623;0.567;0.523;0.225;0.661;0.631;0.457;0.561;0.44;0.64;0.385;0.61;0.408;0.597;0.307;0.518;0.318;0.493;0.623
0.547;0.63;0.316;0.564;0.499;0.572;1.0;0.505;0.548;0.283;0.636;0.414;0.541;0.458;0.549;0.61;0.523;0.547;0.38;0.402;0.409;0.39;0.401;0.383;0.283;0.453;0.598;0.378;0.472;0.576;0.433;0.462;0.586;0.462;0.345;0.485;0.564;0.499;0.467;0.517;0.414;0.421;0.516;0.474;0.518;0.513;0.547;0.49;0.467;0.465;0.56;0.456;0.411;0.506;0.499;0.635;0.419;0.539;0.515;0.745;0.381;0.286;0.417;0.333;0.554;0.485;0.518;0.466;0.67;0.468;0.509;0.227;0.583;0.57;0.474;0.518;0.445;0.489;0.427;0.507;0.345;0.526;0.287;0.523;0.375;0.528;0.56
0.55;0.552;0.325;0.455;0.424;0.548;0.5;1.0;0.602;0.298;0.563;0.476;0.554;0.381;0.642;0.509;0.48;0.444;0.316;0.331;0.273;0.364;0.299;0.294;0.23;0.379;0.494;0.256;0.494;0.532;0.307;0.283;0.373;0.354;0.29;0.265;0.499;0.337;0.412;0.392;0.292;0.286;0.365;0.384;0.475;0.575;0.458;0.388;0.314;0.385;0.467;0.416;0.337;0.5;0.385;0.525;0.36;0.487;0.488;0.689;0.315;0.223;0.411;0.292;0.595;0.465;0.496;0.38;0.605;0.397;0.412;0.2;0.496;0.507;0.361;0.579;0.435;0.465;0.334;0.42;0.252;0.472;0.277;0.466;0.26;0.366;0.507
0.579;0.485;0.341;0.492;0.449;0.513;0.453;0.503;1.0;0.217;0.607;0.508;0.582;0.378;0.54;0.522;0.514;0.411;0.296;0.313;0.312;0.323;0.24;0.262;0.172;0.359;0.44;0.264;0.529;0.589;0.263;0.301;0.392;0.344;0.227;0.357;0.427;0.387;0.409;0.4;0.284;0.403;0.357;0.372;0.436;0.423;0.474;0.343;0.375;0.431;0.454;0.371;0.314;0.349;0.351;0.488;0.265;0.561;0.544;0.684;0.257;0.169;0.391;0.234;0.487;0.448;0.504;0.348;0.678;0.4;0.376;0.202;0.563;0.528;0.316;0.594;0.412;0.45;0.289;0.456;0.206;0.476;0.184;0.443;0.252;0.328;0.542
0.244;0.317;0.156;0.313;0.321;0.318;0.316;0.322;0.267;1.0;0.098;0.131;0.358;0.388;0.274;0.367;0.309;0.416;0.41;0.388;0.532;0.43;0.531;0.516;0.534;0.434;0.316;0.531;0.25;0.254;0.556;0.517;0.47;0.395;0.651;0.289;0.317;0.359;0.333;0.334;0.46;0.322;0.387;0.414;0.315;0.29;0.31;0.428;0.423;0.323;0.329;0.297;0.418;0.336;0.334;0.436;0.339;0.312;0.318;0.384;0.431;0.416;0.315;0.564;0.298;0.239;0.309;0.4;0.259;0.344;0.367;0.265;0.336;0.322;0.411;0.243;0.208;0.309;0.413;0.278;0.51;0.308;0.402;0.347;0.365;0.42;0.431
0.412;0.381;0.265;0.273;0.215;0.272;0.341;0.363;0.431;0.052;1.0;0.454;0.382;0.154;0.301;0.307;0.328;0.225;0.142;0.188;0.082;0.137;0.081;0.061;0.042;0.241;0.324;0.057;0.269;0.35;0.095;0.119;0.123;0.169;0.07;0.163;0.257;0.238;0.221;0.278;0.135;0.231;0.184;0.156;0.33;0.317;0.276;0.176;0.159;0.279;0.301;0.283;0.134;0.245;0.218;0.248;0.209;0.234;0.242;0.429;0.054;0.04;0.228;0.063;0.342;0.306;0.314;0.201;0.499;0.211;0.266;0.086;0.307;0.342;0.173;0.332;0.259;0.211;0.158;0.221;0.062;0.313;0.051;0.327;0.127;0.154;0.249
0.354;0.322;0.43;0.318;0.362;0.306;0.36;0.458;0.503;0.1;0.599;1.0;0.457;0.25;0.357;0.331;0.381;0.296;0.208;0.24;0.133;0.197;0.142;0.13;0.088;0.257;0.361;0.12;0.451;0.558;0.157;0.134;0.166;0.216;0.115;0.297;0.402;0.281;0.303;0.269;0.21;0.263;0.224;0.258;0.361;0.336;0.403;0.256;0.244;0.312;0.36;0.407;0.176;0.331;0.31;0.355;0.192;0.406;0.354;0.435;0.124;0.086;0.28;0.141;0.456;0.395;0.377;0.224;0.512;0.322;0.357;0.091;0.424;0.327;0.255;0.405;0.397;0.382;0.214;0.36;0.118;0.347;0.092;0.35;0.152;0.215;0.348
0.583;0.534;0.444;0.467;0.536;0.472;0.468;0.564;0.611;0.265;0.578;0.53;1.0;0.361;0.596;0.557;0.472;0.541;0.309;0.311;0.268;0.341;0.262;0.244;0.216;0.456;0.457;0.292;0.45;0.619;0.328;0.269;0.384;0.374;0.343;0.379;0.495;0.429;0.393;0.4;0.321;0.425;0.353;0.385;0.546;0.601;0.483;0.372;0.386;0.465;0.464;0.497;0.328;0.496;0.428;0.489;0.374;0.501;0.529;0.674;0.288;0.213;0.427;0.3;0.613;0.495;0.526;0.392;0.626;0.426;0.374;0.166;0.576;0.489;0.393;0.515;0.441;0.53;0.279;0.481;0.261;0.528;0.221;0.427;0.249;0.35;0.495
0.423;0.462;0.246;0.478;0.411;0.447;0.417;0.436;0.495;0.434;0.364;0.294;0.416;1.0;0.436;0.52;0.508;0.541;0.463;0.537;0.551;0.531;0.413;0.421;0.393;0.482;0.447;0.431;0.429;0.45;0.572;0.595;0.547;0.608;0.474;0.373;0.452;0.442;0.454;0.46;0.441;0.396;0.559;0.586;0.418;0.335;0.471;0.584;0.56;0.496;0.481;0.377;0.444;0.465;0.434;0.595;0.413;0.529;0.475;0.65;0.472;0.351;0.494;0.482;0.423;0.387;0.508;0.562;0.479;0.481;0.511;0.284;0.56;0.53;0.559;0.445;0.333;0.493;0.501;0.473;0.393;0.433;0.394;0.458;0.407;0.551;0.698
0.57;0.502;0.363;0.464;0.378;0.533;0.478;0.64;0.638;0.24;0.588;0.519;0.598;0.384;1.0;0.542;0.486;0.419;0.301;0.353;0.261;0.376;0.239;0.293;0.201;0.346;0.447;0.242;0.553;0.602;0.287;0.285;0.381;0.306;0.259;0.321;0.534;0.367;0.327;0.384;0.295;0.363;0.346;0.384;0.479;0.502;0.407;0.366;0.374;0.457;0.465;0.382;0.312;0.488;0.415;0.513;0.38;0.554;0.582;0.661;0.291;0.215;0.421;0.27;0.603;0.555;0.503;0.428;0.65;0.475;0.407;0.189;0.566;0.628;0.353;0.51;0.421;0.518;0.391;0.481;0.254;0.43;0.268;0.482;0.274;0.298;0.5
0.559;0.667;0.384;0.51;0.57;0.653;0.542;0.592;0.643;0.357;0.584;0.56;0.58;0.476;0.567;1.0;0.58;0.573;0.409;0.359;0.49;0.451;0.396;0.406;0.316;0.515;0.576;0.402;0.557;0.629;0.48;0.448;0.665;0.459;0.399;0.466;0.625;0.565;0.523;0.475;0.421;0.506;0.4;0.494;0.551;0.457;0.6;0.602;0.49;0.467;0.583;0.517;0.387;0.566;0.46;0.637;0.427;0.673;0.596;0.688;0.367;0.295;0.516;0.414;0.697;0.515;0.655;0.471;0.637;0.512;0.582;0.239;0.691;0.64;0.499;0.53;0.434;0.593;0.432;0.576;0.366;0.563;0.3;0.636;0.331;0.469;0.641
0.516;0.593;0.368;0.577;0.48;0.618;0.528;0.508;0.691;0.302;0.562;0.502;0.542;0.508;0.551;0.581;1.0;0.488;0.435;0.436;0.503;0.452;0.34;0.396;0.298;0.478;0.571;0.401;0.454;0.539;0.462;0.465;0.584;0.526;0.395;0.386;0.573;0.518;0.451;0.518;0.416;0.467;0.452;0.493;0.514;0.495;0.563;0.466;0.484;0.469;0.621;0.493;0.402;0.537;0.451;0.627;0.372;0.673;0.543;0.683;0.394;0.302;0.509;0.411;0.544;0.46;0.559;0.473;0.627;0.501;0.521;0.232;0.616;0.587;0.467;0.56;0.435;0.587;0.387;0.569;0.34;0.565;0.273;0.53;0.369;0.469;0.649
0.397;0.431;0.28;0.477;0.42;0.469;0.474;0.436;0.484;0.363;0.359;0.334;0.539;0.467;0.395;0.492;0.425;1.0;0.44;0.409;0.416;0.403;0.327;0.376;0.321;0.452;0.462;0.404;0.395;0.462;0.392;0.398;0.561;0.492;0.449;0.344;0.526;0.388;0.371;0.421;0.351;0.396;0.446;0.498;0.442;0.483;0.485;0.485;0.526;0.376;0.459;0.425;0.401;0.431;0.368;0.553;0.325;0.431;0.473;0.671;0.339;0.3;0.419;0.406;0.423;0.383;0.467;0.442;0.468;0.402;0.344;0.199;0.476;0.472;0.488;0.444;0.33;0.456;0.401;0.411;0.354;0.523;0.259;0.517;0.333;0.455;0.66
0.424;0.486;0.247;0.435;0.427;0.489;0.486;0.445;0.487;0.531;0.351;0.326;0.444;0.586;0.452;0.447;0.489;0.587;1.0;0.521;0.539;0.509;0.548;0.556;0.492;0.49;0.476;0.567;0.41;0.463;0.554;0.531;0.517;0.586;0.606;0.41;0.48;0.486;0.493;0.532;0.601;0.432;0.592;0.638;0.447;0.334;0.433;0.582;0.59;0.477;0.412;0.426;0.579;0.437;0.494;0.582;0.461;0.455;0.482;0.663;0.539;0.444;0.494;0.605;0.441;0.361;0.474;0.57;0.479;0.478;0.501;0.347;0.497;0.427;0.604;0.459;0.352;0.436;0.575;0.465;0.538;0.445;0.445;0.483;0.455;0.571;0.574
0.437;0.43;0.24;0.391;0.444;0.441;0.41;0.427;0.423;0.405;0.326;0.305;0.419;0.604;0.407;0.47;0.445;0.537;0.47;1.0;0.515;0.528;0.412;0.421;0.412;0.482;0.452;0.421;0.383;0.466;0.574;0.562;0.538;0.611;0.466;0.458;0.443;0.513;0.484;0.454;0.457;0.406;0.553;0.564;0.422;0.321;0.453;0.583;0.575;0.466;0.522;0.382;0.461;0.448;0.454;0.6;0.467;0.491;0.461;0.626;0.491;0.373;0.454;0.465;0.416;0.381;0.471;0.547;0.431;0.489;0.473;0.278;0.517;0.456;0.571;0.442;0.333;0.436;0.52;0.472;0.395;0.454;0.39;0.395;0.401;0.529;0.615
0.209;0.346;0.106;0.32;0.289;0.352;0.318;0.3;0.277;0.382;0.099;0.126;0.22;0.403;0.22;0.331;0.362;0.36;0.358;0.381;1.0;0.436;0.459;0.434;0.319;0.399;0.332;0.527;0.225;0.213;0.524;0.513;0.556;0.522;0.422;0.232;0.344;0.366;0.361;0.355;0.312;0.276;0.4;0.41;0.334;0.22;0.3;0.45;0.464;0.35;0.343;0.269;0.354;0.283;0.32;0.438;0.282;0.365;0.346;0.379;0.466;0.321;0.31;0.481;0.303;0.211;0.307;0.383;0.3;0.35;0.351;0.209;0.435;0.342;0.395;0.247;0.149;0.326;0.358;0.308;0.383;0.344;0.328;0.309;0.323;0.443;0.456
0.387;0.436;0.243;0.388;0.446;0.443;0.396;0.415;0.395;0.431;0.326;0.278;0.405;0.532;0.426;0.449;0.448;0.509;0.399;0.512;0.515;1.0;0.417;0.437;0.396;0.436;0.424;0.462;0.356;0.37;0.588;0.575;0.538;0.514;0.509;0.372;0.43;0.45;0.39;0.439;0.407;0.361;0.487;0.508;0.491;0.394;0.395;0.495;0.522;0.446;0.466;0.352;0.463;0.391;0.418;0.603;0.399;0.45;0.413;0.517;0.516;0.355;0.447;0.517;0.387;0.363;0.425;0.558;0.389;0.472;0.448;0.239;0.456;0.471;0.489;0.358;0.319;0.46;0.424;0.401;0.424;0.425;0.384;0.447;0.396;0.487;0.582
0.254;0.389;0.122;0.328;0.3;0.356;0.351;0.337;0.281;0.532;0.133;0.165;0.288;0.408;0.316;0.353;0.371;0.384;0.437;0.359;0.556;0.411;1.0;0.548;0.466;0.337;0.361;0.542;0.272;0.272;0.769;0.548;0.493;0.421;0.578;0.299;0.341;0.386;0.347;0.352;0.474;0.257;0.417;0.436;0.349;0.287;0.318;0.448;0.429;0.378;0.365;0.264;0.427;0.286;0.403;0.447;0.392;0.339;0.369;0.411;0.505;0.42;0.372;0.597;0.304;0.244;0.361;0.496;0.278;0.508;0.394;0.295;0.348;0.338;0.44;0.254;0.227;0.322;0.452;0.331;0.577;0.333;0.475;0.381;0.392;0.495;0.453
0.272;0.345;0.137;0.337;0.3;0.389;0.388;0.33;0.351;0.513;0.135;0.164;0.31;0.429;0.341;0.411;0.429;0.389;0.444;0.369;0.585;0.439;0.541;1.0;0.476;0.391;0.327;0.572;0.28;0.282;0.547;0.539;0.515;0.412;0.613;0.277;0.335;0.351;0.343;0.357;0.476;0.267;0.433;0.448;0.387;0.292;0.341;0.452;0.456;0.369;0.355;0.269;0.515;0.297;0.348;0.524;0.388;0.387;0.361;0.405;0.519;0.447;0.35;0.627;0.33;0.258;0.379;0.508;0.306;0.376;0.373;0.279;0.374;0.408;0.433;0.273;0.195;0.336;0.497;0.327;0.529;0.383;0.466;0.342;0.417;0.431;0.452
0.27;0.377;0.161;0.31;0.32;0.373;0.341;0.325;0.283;0.609;0.126;0.156;0.346;0.457;0.298;0.398;0.382;0.469;0.494;0.462;0.537;0.453;0.576;0.596;1.0;0.476;0.369;0.541;0.254;0.285;0.594;0.611;0.537;0.454;0.721;0.313;0.393;0.401;0.397;0.396;0.474;0.342;0.447;0.428;0.329;0.328;0.321;0.445;0.433;0.395;0.371;0.338;0.438;0.376;0.39;0.482;0.392;0.378;0.319;0.406;0.498;0.541;0.378;0.626;0.314;0.26;0.375;0.411;0.283;0.418;0.428;0.345;0.382;0.369;0.432;0.25;0.223;0.361;0.484;0.348;0.522;0.326;0.552;0.362;0.481;0.414;0.505
0.537;0.631;0.462;0.513;0.589;0.637;0.529;0.556;0.627;0.498;0.565;0.52;0.746;0.604;0.541;0.642;0.549;0.618;0.489;0.535;0.552;0.537;0.411;0.482;0.472;1.0;0.567;0.501;0.493;0.62;0.581;0.57;0.561;0.621;0.591;0.51;0.671;0.597;0.612;0.556;0.479;0.623;0.564;0.588;0.596;0.566;0.586;0.581;0.595;0.562;0.581;0.596;0.467;0.601;0.599;0.609;0.526;0.652;0.588;0.669;0.503;0.393;0.595;0.529;0.576;0.474;0.605;0.541;0.619;0.585;0.572;0.29;0.661;0.634;0.589;0.553;0.433;0.647;0.461;0.573;0.4;0.584;0.371;0.585;0.379;0.55;0.645
0.521;0.643;0.335;0.545;0.48;0.618;0.597;0.515;0.59;0.316;0.564;0.441;0.534;0.442;0.513;0.576;0.572;0.529;0.417;0.349;0.393;0.423;0.355;0.361;0.271;0.446;1.0;0.351;0.481;0.599;0.515;0.464;0.547;0.456;0.36;0.467;0.554;0.449;0.41;0.518;0.419;0.48;0.45;0.474;0.523;0.508;0.511;0.478;0.389;0.445;0.55;0.487;0.358;0.514;0.413;0.611;0.403;0.569;0.504;0.74;0.363;0.258;0.454;0.371;0.533;0.445;0.645;0.42;0.621;0.545;0.499;0.225;0.571;0.56;0.472;0.487;0.444;0.559;0.427;0.553;0.409;0.512;0.294;0.488;0.358;0.519;0.616
0.249;0.369;0.136;0.347;0.326;0.371;0.338;0.284;0.337;0.53;0.105;0.176;0.32;0.434;0.313;0.398;0.406;0.469;0.442;0.366;0.645;0.422;0.547;0.571;0.432;0.354;0.353;1.0;0.289;0.281;0.554;0.53;0.568;0.548;0.559;0.297;0.374;0.4;0.344;0.38;0.432;0.326;0.424;0.513;0.389;0.284;0.413;0.441;0.447;0.396;0.383;0.298;0.481;0.314;0.375;0.48;0.374;0.422;0.325;0.395;0.458;0.432;0.346;0.628;0.321;0.208;0.365;0.407;0.273;0.384;0.397;0.292;0.483;0.371;0.442;0.266;0.229;0.376;0.439;0.322;0.526;0.394;0.416;0.325;0.36;0.427;0.543
0.556;0.558;0.507;0.46;0.535;0.501;0.475;0.573;0.658;0.228;0.577;0.612;0.58;0.444;0.576;0.563;0.501;0.46;0.301;0.335;0.294;0.345;0.252;0.284;0.159;0.435;0.472;0.268;1.0;0.652;0.274;0.225;0.385;0.386;0.257;0.347;0.556;0.445;0.439;0.401;0.336;0.438;0.359;0.402;0.443;0.527;0.566;0.365;0.397;0.438;0.46;0.492;0.271;0.481;0.431;0.501;0.337;0.571;0.548;0.687;0.271;0.188;0.465;0.297;0.56;0.544;0.481;0.367;0.569;0.425;0.474;0.144;0.551;0.498;0.386;0.583;0.489;0.535;0.304;0.457;0.23;0.543;0.203;0.535;0.255;0.362;0.58
0.563;0.43;0.352;0.428;0.364;0.446;0.434;0.493;0.589;0.201;0.568;0.571;0.518;0.329;0.558;0.516;0.43;0.401;0.281;0.342;0.265;0.288;0.21;0.238;0.188;0.406;0.445;0.226;0.519;1.0;0.291;0.266;0.357;0.283;0.182;0.326;0.427;0.486;0.406;0.367;0.278;0.397;0.334;0.347;0.432;0.489;0.505;0.341;0.35;0.4;0.471;0.344;0.261;0.448;0.32;0.469;0.314;0.51;0.449;0.664;0.206;0.174;0.344;0.237;0.521;0.409;0.486;0.333;0.676;0.387;0.369;0.146;0.524;0.455;0.308;0.566;0.408;0.382;0.253;0.386;0.194;0.501;0.178;0.484;0.224;0.342;0.474
0.221;0.33;0.098;0.339;0.317;0.415;0.337;0.262;0.293;0.416;0.121;0.144;0.284;0.419;0.232;0.362;0.347;0.404;0.391;0.372;0.527;0.426;0.629;0.454;0.355;0.378;0.385;0.414;0.224;0.274;1.0;0.586;0.572;0.451;0.45;0.26;0.315;0.38;0.316;0.374;0.405;0.252;0.392;0.437;0.326;0.275;0.325;0.399;0.437;0.384;0.323;0.208;0.322;0.308;0.349;0.503;0.338;0.357;0.34;0.417;0.47;0.347;0.307;0.462;0.239;0.216;0.388;0.482;0.281;0.467;0.39;0.209;0.366;0.362;0.448;0.254;0.207;0.331;0.417;0.307;0.495;0.318;0.354;0.282;0.341;0.514;0.494
0.278;0.401;0.082;0.331;0.272;0.343;0.377;0.225;0.289;0.42;0.145;0.123;0.225;0.448;0.287;0.344;0.342;0.398;0.325;0.41;0.519;0.43;0.403;0.407;0.371;0.322;0.328;0.402;0.22;0.26;0.586;1.0;0.542;0.439;0.45;0.241;0.317;0.355;0.365;0.401;0.384;0.266;0.396;0.399;0.328;0.212;0.317;0.436;0.376;0.373;0.284;0.244;0.35;0.311;0.376;0.463;0.308;0.337;0.3;0.447;0.44;0.324;0.294;0.45;0.224;0.184;0.318;0.403;0.325;0.357;0.327;0.203;0.35;0.359;0.422;0.263;0.152;0.316;0.397;0.301;0.375;0.306;0.371;0.32;0.379;0.44;0.491
0.21;0.313;0.055;0.284;0.286;0.298;0.348;0.211;0.271;0.31;0.123;0.102;0.237;0.318;0.224;0.32;0.321;0.375;0.258;0.225;0.432;0.314;0.32;0.358;0.247;0.263;0.283;0.331;0.206;0.229;0.43;0.414;1.0;0.327;0.338;0.239;0.283;0.205;0.243;0.243;0.263;0.193;0.298;0.33;0.33;0.202;0.303;0.288;0.337;0.216;0.295;0.243;0.298;0.297;0.232;0.413;0.221;0.348;0.332;0.374;0.357;0.284;0.255;0.343;0.268;0.211;0.291;0.324;0.213;0.277;0.261;0.138;0.317;0.287;0.301;0.245;0.173;0.308;0.264;0.258;0.316;0.262;0.277;0.291;0.214;0.296;0.44
0.387;0.461;0.255;0.537;0.399;0.519;0.463;0.417;0.476;0.444;0.352;0.301;0.422;0.605;0.418;0.52;0.531;0.554;0.462;0.537;0.647;0.521;0.467;0.525;0.398;0.492;0.503;0.552;0.403;0.473;0.592;0.574;0.549;1.0;0.462;0.372;0.51;0.475;0.487;0.441;0.511;0.385;0.531;0.588;0.425;0.324;0.555;0.566;0.589;0.465;0.448;0.396;0.45;0.439;0.448;0.593;0.428;0.48;0.387;0.665;0.476;0.361;0.475;0.618;0.426;0.393;0.49;0.547;0.471;0.483;0.499;0.254;0.612;0.512;0.592;0.424;0.339;0.45;0.488;0.439;0.439;0.477;0.352;0.461;0.347;0.563;0.65
0.261;0.391;0.204;0.334;0.329;0.373;0.341;0.324;0.294;0.651;0.121;0.144;0.381;0.468;0.303;0.394;0.391;0.521;0.49;0.408;0.549;0.463;0.575;0.613;0.57;0.517;0.364;0.556;0.263;0.292;0.6;0.6;0.585;0.466;1.0;0.318;0.421;0.383;0.386;0.354;0.488;0.37;0.425;0.427;0.334;0.342;0.317;0.454;0.453;0.391;0.395;0.353;0.436;0.365;0.342;0.502;0.412;0.391;0.334;0.419;0.496;0.488;0.381;0.639;0.321;0.222;0.371;0.407;0.297;0.377;0.385;0.302;0.401;0.377;0.449;0.251;0.221;0.386;0.476;0.342;0.528;0.336;0.469;0.377;0.421;0.424;0.506
0.579;0.507;0.339;0.511;0.514;0.567;0.593;0.54;0.603;0.325;0.424;0.516;0.555;0.508;0.541;0.616;0.516;0.548;0.422;0.569;0.455;0.479;0.327;0.34;0.309;0.507;0.5;0.375;0.547;0.627;0.422;0.403;0.47;0.496;0.396;1.0;0.645;0.552;0.569;0.497;0.398;0.594;0.487;0.5;0.542;0.43;0.616;0.532;0.513;0.558;0.52;0.526;0.403;0.56;0.512;0.613;0.498;0.584;0.584;0.669;0.432;0.292;0.558;0.381;0.574;0.642;0.493;0.49;0.593;0.534;0.569;0.215;0.604;0.587;0.51;0.515;0.445;0.557;0.405;0.575;0.37;0.568;0.33;0.586;0.314;0.493;0.56
0.597;0.517;0.316;0.541;0.564;0.613;0.515;0.57;0.609;0.312;0.675;0.517;0.568;0.455;0.608;0.63;0.629;0.556;0.427;0.432;0.446;0.43;0.395;0.38;0.306;0.529;0.568;0.357;0.553;0.608;0.447;0.457;0.552;0.506;0.403;0.493;1.0;0.551;0.492;0.443;0.423;0.57;0.436;0.408;0.583;0.597;0.593;0.473;0.456;0.408;0.562;0.517;0.321;0.617;0.469;0.585;0.435;0.627;0.579;0.667;0.372;0.291;0.444;0.373;0.544;0.509;0.62;0.462;0.611;0.487;0.456;0.202;0.651;0.651;0.464;0.546;0.431;0.629;0.428;0.601;0.364;0.526;0.301;0.559;0.319;0.452;0.616
0.612;0.612;0.314;0.575;0.533;0.596;0.519;0.562;0.618;0.411;0.682;0.568;0.49;0.568;0.567;0.619;0.598;0.553;0.487;0.525;0.546;0.559;0.445;0.498;0.401;0.595;0.561;0.451;0.561;0.739;0.551;0.524;0.476;0.591;0.437;0.562;0.646;1.0;0.609;0.548;0.478;0.511;0.564;0.575;0.588;0.453;0.607;0.583;0.593;0.614;0.528;0.428;0.484;0.533;0.601;0.666;0.505;0.618;0.616;0.687;0.526;0.421;0.616;0.503;0.617;0.543;0.572;0.575;0.64;0.626;0.63;0.299;0.632;0.592;0.567;0.579;0.434;0.623;0.491;0.555;0.421;0.551;0.399;0.597;0.381;0.559;0.618
0.596;0.592;0.388;0.525;0.6;0.606;0.535;0.563;0.605;0.426;0.553;0.529;0.625;0.571;0.542;0.619;0.572;0.484;0.487;0.531;0.533;0.545;0.428;0.483;0.393;0.612;0.585;0.437;0.498;0.617;0.549;0.498;0.567;0.576;0.426;0.563;0.573;0.569;1.0;0.553;0.491;0.556;0.592;0.579;0.621;0.451;0.588;0.582;0.579;0.561;0.555;0.495;0.471;0.579;0.677;0.629;0.524;0.612;0.531;0.682;0.519;0.387;0.572;0.435;0.568;0.534;0.57;0.562;0.606;0.623;0.631;0.247;0.614;0.586;0.616;0.56;0.543;0.631;0.502;0.594;0.427;0.546;0.4;0.591;0.408;0.56;0.613
0.569;0.667;0.328;0.585;0.485;0.589;0.656;0.523;0.586;0.411;0.65;0.436;0.541;0.588;0.562;0.536;0.601;0.553;0.491;0.501;0.55;0.562;0.427;0.441;0.392;0.554;0.606;0.48;0.515;0.54;0.546;0.76;0.46;0.566;0.44;0.491;0.577;0.554;0.551;1.0;0.472;0.515;0.562;0.59;0.529;0.519;0.531;0.59;0.584;0.561;0.568;0.529;0.428;0.52;0.564;0.555;0.463;0.617;0.535;0.784;0.491;0.389;0.565;0.43;0.539;0.464;0.58;0.58;0.737;0.572;0.584;0.305;0.62;0.593;0.578;0.511;0.437;0.563;0.488;0.533;0.423;0.528;0.441;0.51;0.504;0.592;0.677
0.416;0.533;0.261;0.445;0.535;0.483;0.473;0.43;0.461;0.588;0.346;0.314;0.446;0.565;0.412;0.488;0.48;0.517;0.592;0.504;0.528;0.527;0.554;0.593;0.474;0.523;0.484;0.549;0.401;0.46;0.565;0.532;0.475;0.639;0.604;0.399;0.484;0.48;0.502;0.471;1.0;0.442;0.57;0.615;0.504;0.399;0.478;0.581;0.588;0.49;0.474;0.419;0.505;0.439;0.553;0.544;0.478;0.536;0.488;0.685;0.498;0.46;0.469;0.591;0.435;0.41;0.521;0.576;0.47;0.476;0.48;0.307;0.486;0.538;0.672;0.445;0.376;0.479;0.606;0.444;0.55;0.436;0.439;0.473;0.484;0.583;0.637
0.545;0.667;0.358;0.523;0.516;0.64;0.59;0.587;0.643;0.428;0.574;0.538;0.609;0.504;0.555;0.596;0.568;0.611;0.432;0.435;0.469;0.496;0.336;0.4;0.345;0.623;0.572;0.357;0.51;0.623;0.425;0.414;0.571;0.506;0.464;0.595;0.672;0.56;0.517;0.515;0.446;1.0;0.502;0.531;0.602;0.535;0.59;0.519;0.521;0.579;0.595;0.563;0.428;0.703;0.574;0.625;0.466;0.655;0.593;0.699;0.437;0.312;0.555;0.397;0.571;0.635;0.649;0.52;0.647;0.554;0.53;0.23;0.662;0.652;0.527;0.556;0.443;0.643;0.442;0.587;0.347;0.585;0.324;0.579;0.339;0.493;0.651
0.39;0.457;0.229;0.458;0.41;0.454;0.474;0.421;0.457;0.379;0.335;0.266;0.407;0.557;0.397;0.412;0.448;0.518;0.505;0.484;0.521;0.48;0.406;0.424;0.333;0.446;0.399;0.408;0.348;0.439;0.518;0.531;0.582;0.531;0.424;0.385;0.465;0.439;0.467;0.439;0.393;0.346;1.0;0.579;0.419;0.336;0.442;0.563;0.576;0.503;0.464;0.365;0.511;0.396;0.452;0.629;0.353;0.463;0.468;0.636;0.428;0.415;0.444;0.419;0.404;0.374;0.458;0.549;0.453;0.446;0.477;0.284;0.453;0.467;0.566;0.436;0.345;0.463;0.461;0.401;0.404;0.465;0.38;0.452;0.387;0.53;0.591
0.42;0.49;0.268;0.485;0.426;0.512;0.472;0.44;0.515;0.399;0.364;0.302;0.451;0.589;0.434;0.489;0.494;0.52;0.511;0.5;0.554;0.545;0.474;0.452;0.335;0.469;0.481;0.504;0.403;0.46;0.538;0.528;0.47;0.59;0.48;0.376;0.475;0.455;0.498;0.46;0.489;0.4;0.58;1.0;0.433;0.411;0.486;0.577;0.594;0.473;0.469;0.37;0.46;0.413;0.469;0.554;0.377;0.575;0.466;0.675;0.501;0.36;0.46;0.452;0.427;0.389;0.461;0.565;0.481;0.451;0.537;0.307;0.549;0.488;0.597;0.44;0.348;0.427;0.469;0.429;0.414;0.442;0.391;0.476;0.447;0.57;0.594
0.537;0.547;0.327;0.525;0.657;0.552;0.517;0.534;0.548;0.34;0.56;0.519;0.562;0.423;0.488;0.601;0.511;0.507;0.386;0.411;0.4;0.417;0.341;0.373;0.261;0.514;0.53;0.352;0.508;0.616;0.428;0.396;0.563;0.467;0.335;0.473;0.581;0.455;0.478;0.419;0.423;0.468;0.455;0.494;1.0;0.541;0.54;0.483;0.477;0.52;0.568;0.4;0.385;0.527;0.483;0.551;0.378;0.593;0.596;0.57;0.383;0.256;0.468;0.377;0.613;0.461;0.534;0.421;0.603;0.42;0.431;0.204;0.6;0.605;0.526;0.512;0.384;0.575;0.387;0.538;0.374;0.621;0.32;0.591;0.282;0.464;0.574
0.424;0.461;0.321;0.416;0.449;0.457;0.44;0.563;0.49;0.285;0.507;0.394;0.604;0.352;0.502;0.458;0.435;0.434;0.224;0.26;0.246;0.286;0.222;0.248;0.225;0.374;0.454;0.256;0.445;0.49;0.257;0.249;0.348;0.328;0.311;0.335;0.517;0.341;0.355;0.383;0.306;0.409;0.333;0.401;0.47;1.0;0.441;0.362;0.294;0.369;0.43;0.316;0.318;0.455;0.352;0.468;0.314;0.448;0.395;0.543;0.269;0.189;0.363;0.219;0.497;0.439;0.427;0.342;0.501;0.351;0.364;0.147;0.396;0.457;0.308;0.47;0.416;0.387;0.281;0.392;0.26;0.468;0.22;0.386;0.225;0.312;0.483
0.523;0.654;0.35;0.576;0.521;0.59;0.505;0.522;0.655;0.306;0.572;0.528;0.616;0.472;0.547;0.595;0.611;0.537;0.378;0.396;0.517;0.385;0.316;0.374;0.284;0.473;0.525;0.451;0.57;0.618;0.397;0.385;0.491;0.593;0.375;0.481;0.632;0.518;0.508;0.453;0.384;0.532;0.443;0.484;0.533;0.43;1.0;0.525;0.473;0.43;0.509;0.435;0.365;0.548;0.418;0.548;0.367;0.609;0.572;0.664;0.37;0.309;0.507;0.412;0.573;0.508;0.575;0.449;0.621;0.505;0.514;0.232;0.699;0.587;0.465;0.554;0.437;0.518;0.366;0.564;0.306;0.593;0.273;0.655;0.314;0.41;0.655
0.412;0.488;0.216;0.456;0.402;0.468;0.443;0.445;0.467;0.47;0.359;0.302;0.432;0.574;0.437;0.541;0.479;0.55;0.462;0.511;0.55;0.504;0.425;0.49;0.353;0.466;0.468;0.444;0.363;0.459;0.616;0.53;0.581;0.566;0.497;0.415;0.48;0.496;0.467;0.499;0.496;0.397;0.566;0.572;0.442;0.405;0.454;1.0;0.582;0.452;0.468;0.33;0.496;0.429;0.455;0.566;0.414;0.481;0.463;0.667;0.507;0.383;0.467;0.444;0.482;0.305;0.452;0.558;0.467;0.457;0.479;0.29;0.499;0.467;0.572;0.441;0.341;0.458;0.509;0.42;0.421;0.436;0.377;0.499;0.399;0.568;0.631
0.394;0.47;0.254;0.422;0.42;0.475;0.472;0.434;0.491;0.466;0.343;0.299;0.435;0.556;0.434;0.434;0.498;0.551;0.411;0.515;0.541;0.578;0.423;0.452;0.344;0.479;0.464;0.492;0.372;0.47;0.546;0.513;0.565;0.588;0.454;0.387;0.46;0.459;0.461;0.472;0.505;0.364;0.576;0.59;0.419;0.395;0.476;0.582;1.0;0.468;0.566;0.433;0.423;0.409;0.446;0.648;0.431;0.506;0.433;0.644;0.511;0.395;0.448;0.441;0.454;0.397;0.498;0.558;0.471;0.461;0.486;0.25;0.551;0.482;0.578;0.451;0.323;0.531;0.488;0.428;0.421;0.439;0.378;0.52;0.4;0.555;0.624
0.543;0.654;0.401;0.517;0.567;0.628;0.533;0.554;0.661;0.4;0.576;0.527;0.559;0.582;0.607;0.613;0.597;0.568;0.478;0.517;0.559;0.517;0.432;0.474;0.398;0.608;0.571;0.451;0.554;0.612;0.548;0.547;0.51;0.576;0.435;0.557;0.598;0.578;0.608;0.565;0.485;0.584;0.586;0.606;0.607;0.525;0.602;0.579;0.606;1.0;0.605;0.51;0.493;0.591;0.553;0.647;0.46;0.619;0.74;0.679;0.527;0.423;0.604;0.449;0.579;0.609;0.577;0.651;0.633;0.605;0.645;0.292;0.619;0.746;0.596;0.567;0.437;0.663;0.511;0.555;0.414;0.596;0.446;0.608;0.387;0.563;0.651
0.505;0.549;0.321;0.563;0.497;0.556;0.508;0.541;0.617;0.355;0.518;0.476;0.538;0.446;0.538;0.568;0.619;0.547;0.363;0.408;0.473;0.474;0.372;0.381;0.261;0.498;0.554;0.384;0.416;0.58;0.442;0.432;0.562;0.445;0.392;0.506;0.55;0.442;0.44;0.445;0.409;0.497;0.466;0.424;0.518;0.495;0.509;0.463;0.617;0.519;1.0;0.485;0.372;0.536;0.427;0.622;0.392;0.591;0.531;0.629;0.37;0.284;0.451;0.371;0.571;0.476;0.538;0.458;0.512;0.44;0.47;0.221;0.585;0.584;0.51;0.542;0.475;0.643;0.434;0.535;0.358;0.521;0.297;0.525;0.298;0.408;0.614
0.53;0.591;0.563;0.579;0.584;0.587;0.593;0.565;0.638;0.338;0.597;0.599;0.734;0.473;0.567;0.602;0.592;0.606;0.403;0.423;0.43;0.452;0.318;0.322;0.345;0.595;0.528;0.389;0.613;0.621;0.4;0.4;0.568;0.484;0.431;0.486;0.603;0.528;0.49;0.534;0.409;0.566;0.458;0.448;0.616;0.55;0.601;0.477;0.5;0.554;0.621;1.0;0.356;0.602;0.532;0.559;0.402;0.617;0.599;0.687;0.408;0.325;0.523;0.379;0.577;0.556;0.573;0.422;0.629;0.519;0.543;0.227;0.674;0.62;0.501;0.574;0.547;0.581;0.393;0.542;0.328;0.592;0.33;0.601;0.345;0.465;0.569
0.361;0.431;0.237;0.414;0.485;0.409;0.437;0.435;0.441;0.528;0.339;0.325;0.436;0.558;0.468;0.444;0.462;0.472;0.57;0.508;0.547;0.599;0.531;0.6;0.435;0.428;0.408;0.559;0.382;0.405;0.533;0.54;0.567;0.561;0.547;0.409;0.417;0.478;0.44;0.429;0.544;0.422;0.581;0.573;0.504;0.413;0.428;0.569;0.528;0.492;0.428;0.351;1.0;0.42;0.469;0.574;0.442;0.528;0.504;0.572;0.524;0.523;0.47;0.538;0.421;0.39;0.422;0.585;0.424;0.452;0.494;0.382;0.465;0.444;0.573;0.39;0.306;0.44;0.566;0.409;0.512;0.51;0.499;0.426;0.466;0.543;0.553
0.549;0.658;0.341;0.506;0.569;0.634;0.536;0.613;0.623;0.374;0.588;0.539;0.645;0.522;0.64;0.646;0.557;0.497;0.392;0.448;0.389;0.445;0.377;0.379;0.345;0.536;0.634;0.352;0.556;0.607;0.483;0.462;0.526;0.44;0.41;0.495;0.713;0.525;0.525;0.472;0.391;0.581;0.452;0.525;0.603;0.611;0.575;0.485;0.457;0.521;0.569;0.543;0.374;1.0;0.534;0.691;0.466;0.575;0.589;0.694;0.4;0.308;0.51;0.378;0.617;0.498;0.572;0.472;0.625;0.518;0.539;0.23;0.649;0.669;0.471;0.557;0.449;0.561;0.403;0.639;0.316;0.586;0.322;0.634;0.379;0.452;0.678
0.538;0.606;0.396;0.514;0.585;0.669;0.539;0.548;0.611;0.42;0.579;0.514;0.551;0.563;0.549;0.613;0.573;0.534;0.495;0.501;0.524;0.486;0.452;0.424;0.391;0.556;0.587;0.416;0.546;0.613;0.566;0.516;0.476;0.564;0.421;0.532;0.597;0.601;0.675;0.56;0.507;0.569;0.576;0.597;0.549;0.518;0.589;0.589;0.578;0.602;0.552;0.527;0.467;0.594;1.0;0.567;0.514;0.595;0.581;0.684;0.504;0.392;0.603;0.443;0.553;0.53;0.595;0.569;0.612;0.649;0.623;0.258;0.648;0.592;0.614;0.555;0.519;0.574;0.507;0.55;0.443;0.586;0.396;0.58;0.417;0.576;0.532
0.407;0.537;0.25;0.485;0.395;0.473;0.466;0.447;0.487;0.315;0.361;0.31;0.41;0.485;0.427;0.471;0.517;0.523;0.371;0.443;0.463;0.495;0.301;0.37;0.287;0.389;0.504;0.371;0.382;0.451;0.491;0.45;0.605;0.494;0.361;0.345;0.437;0.378;0.371;0.413;0.39;0.368;0.494;0.463;0.42;0.388;0.462;0.52;0.528;0.416;0.513;0.412;0.373;0.453;0.398;1.0;0.337;0.474;0.471;0.688;0.401;0.305;0.369;0.392;0.399;0.397;0.497;0.51;0.481;0.401;0.441;0.203;0.479;0.535;0.492;0.439;0.345;0.525;0.384;0.46;0.362;0.422;0.315;0.478;0.304;0.453;0.61
0.548;0.584;0.385;0.572;0.555;0.585;0.602;0.594;0.612;0.516;0.583;0.517;0.554;0.578;0.594;0.616;0.557;0.463;0.56;0.636;0.539;0.559;0.59;0.539;0.479;0.59;0.573;0.523;0.498;0.614;0.607;0.533;0.463;0.556;0.567;0.6;0.572;0.561;0.627;0.563;0.541;0.56;0.565;0.563;0.583;0.508;0.571;0.58;0.604;0.553;0.55;0.487;0.561;0.58;0.581;0.637;1.0;0.59;0.602;0.668;0.518;0.474;0.606;0.582;0.555;0.464;0.585;0.581;0.544;0.584;0.646;0.356;0.601;0.649;0.562;0.558;0.458;0.573;0.585;0.552;0.545;0.577;0.466;0.537;0.497;0.561;0.552
0.596;0.666;0.415;0.575;0.529;0.646;0.582;0.558;0.754;0.356;0.595;0.532;0.566;0.531;0.568;0.67;0.673;0.521;0.431;0.429;0.426;0.453;0.386;0.43;0.288;0.518;0.571;0.402;0.58;0.615;0.483;0.449;0.604;0.528;0.384;0.536;0.627;0.472;0.528;0.482;0.428;0.461;0.464;0.518;0.591;0.511;0.564;0.481;0.548;0.573;0.586;0.52;0.402;0.564;0.512;0.63;0.414;1.0;0.567;0.702;0.413;0.284;0.519;0.405;0.578;0.458;0.628;0.464;0.659;0.462;0.494;0.252;0.695;0.66;0.539;0.573;0.437;0.657;0.415;0.578;0.347;0.653;0.324;0.606;0.369;0.462;0.675
0.542;0.6;0.366;0.504;0.562;0.57;0.569;0.548;0.663;0.344;0.581;0.512;0.613;0.481;0.604;0.601;0.545;0.533;0.331;0.412;0.408;0.463;0.361;0.417;0.291;0.501;0.497;0.372;0.55;0.627;0.397;0.403;0.581;0.446;0.369;0.501;0.629;0.52;0.467;0.489;0.428;0.45;0.463;0.452;0.548;0.508;0.586;0.461;0.468;0.528;0.568;0.484;0.43;0.572;0.502;0.574;0.42;0.627;1.0;0.671;0.339;0.322;0.514;0.322;0.547;0.577;0.576;0.593;0.65;0.499;0.552;0.238;0.601;0.689;0.526;0.564;0.447;0.584;0.436;0.579;0.308;0.606;0.332;0.597;0.332;0.446;0.635
0.385;0.377;0.237;0.328;0.273;0.339;0.361;0.398;0.463;0.195;0.421;0.288;0.356;0.344;0.391;0.341;0.353;0.398;0.281;0.293;0.279;0.313;0.214;0.211;0.163;0.273;0.288;0.222;0.336;0.416;0.291;0.29;0.366;0.339;0.21;0.142;0.327;0.264;0.272;0.313;0.204;0.179;0.333;0.325;0.307;0.329;0.272;0.326;0.33;0.276;0.329;0.291;0.242;0.313;0.269;0.456;0.235;0.244;0.306;1.0;0.231;0.177;0.267;0.226;0.378;0.327;0.336;0.333;0.446;0.214;0.293;0.141;0.352;0.339;0.361;0.411;0.31;0.316;0.274;0.303;0.217;0.329;0.16;0.317;0.235;0.338;0.472
0.264;0.342;0.147;0.342;0.327;0.358;0.359;0.347;0.307;0.429;0.117;0.175;0.339;0.476;0.341;0.388;0.36;0.406;0.431;0.439;0.551;0.466;0.453;0.471;0.397;0.404;0.345;0.465;0.281;0.289;0.577;0.526;0.606;0.434;0.447;0.344;0.336;0.424;0.423;0.396;0.4;0.354;0.435;0.509;0.343;0.306;0.344;0.463;0.465;0.424;0.441;0.317;0.422;0.363;0.406;0.473;0.347;0.369;0.357;0.411;1.0;0.409;0.411;0.466;0.339;0.223;0.338;0.434;0.292;0.414;0.429;0.239;0.385;0.365;0.436;0.288;0.228;0.357;0.438;0.327;0.488;0.359;0.421;0.357;0.327;0.428;0.464
0.282;0.351;0.119;0.324;0.332;0.327;0.333;0.329;0.285;0.541;0.123;0.148;0.315;0.416;0.338;0.39;0.35;0.385;0.489;0.421;0.538;0.417;0.537;0.562;0.539;0.398;0.32;0.536;0.243;0.265;0.544;0.534;0.648;0.419;0.6;0.314;0.333;0.423;0.395;0.399;0.455;0.339;0.462;0.446;0.353;0.292;0.326;0.437;0.439;0.427;0.345;0.281;0.521;0.312;0.396;0.471;0.394;0.356;0.348;0.402;0.513;1.0;0.391;0.577;0.318;0.249;0.339;0.44;0.285;0.383;0.396;0.33;0.34;0.352;0.444;0.288;0.224;0.343;0.513;0.317;0.525;0.34;0.589;0.336;0.462;0.418;0.418
0.565;0.54;0.372;0.593;0.575;0.581;0.523;0.556;0.655;0.397;0.595;0.513;0.553;0.629;0.572;0.61;0.557;0.496;0.48;0.509;0.544;0.498;0.467;0.488;0.38;0.597;0.531;0.405;0.619;0.611;0.534;0.525;0.553;0.559;0.421;0.553;0.534;0.62;0.619;0.565;0.466;0.56;0.571;0.596;0.548;0.51;0.595;0.578;0.571;0.604;0.53;0.492;0.464;0.525;0.554;0.643;0.465;0.543;0.6;0.669;0.504;0.385;1.0;0.421;0.536;0.519;0.587;0.571;0.646;0.587;0.675;0.288;0.566;0.537;0.571;0.487;0.442;0.649;0.434;0.581;0.409;0.602;0.405;0.588;0.39;0.557;0.619
0.267;0.396;0.162;0.387;0.327;0.398;0.379;0.337;0.315;0.564;0.124;0.174;0.317;0.485;0.325;0.419;0.391;0.455;0.485;0.408;0.647;0.469;0.598;0.627;0.506;0.373;0.396;0.624;0.287;0.264;0.623;0.592;0.574;0.618;0.639;0.307;0.372;0.413;0.353;0.381;0.47;0.352;0.418;0.451;0.336;0.295;0.425;0.452;0.448;0.36;0.385;0.298;0.43;0.334;0.355;0.519;0.386;0.4;0.33;0.41;0.461;0.472;0.375;1.0;0.301;0.265;0.373;0.442;0.325;0.444;0.441;0.311;0.468;0.39;0.445;0.257;0.225;0.377;0.486;0.347;0.54;0.356;0.475;0.391;0.431;0.44;0.531
0.593;0.483;0.386;0.462;0.458;0.531;0.476;0.585;0.632;0.238;0.572;0.538;0.611;0.367;0.591;0.55;0.477;0.433;0.309;0.308;0.374;0.335;0.278;0.305;0.231;0.433;0.451;0.248;0.541;0.602;0.279;0.25;0.378;0.313;0.282;0.387;0.524;0.424;0.434;0.384;0.311;0.442;0.35;0.422;0.534;0.497;0.547;0.473;0.366;0.445;0.506;0.444;0.276;0.416;0.368;0.479;0.377;0.555;0.474;0.656;0.29;0.211;0.362;0.283;0.933;0.542;0.41;0.36;0.529;0.423;0.382;0.158;0.57;0.536;0.377;0.573;0.432;0.479;0.296;0.47;0.26;0.527;0.215;0.563;0.235;0.339;0.513
0.608;0.522;0.354;0.456;0.473;0.489;0.413;0.549;0.637;0.226;0.573;0.51;0.565;0.389;0.644;0.507;0.525;0.438;0.306;0.318;0.267;0.295;0.257;0.259;0.206;0.407;0.442;0.242;0.551;0.681;0.227;0.217;0.381;0.384;0.261;0.382;0.505;0.456;0.411;0.387;0.286;0.544;0.367;0.398;0.457;0.446;0.466;0.367;0.4;0.436;0.453;0.464;0.307;0.476;0.401;0.483;0.342;0.462;0.63;0.651;0.24;0.16;0.45;0.251;0.617;1.0;0.426;0.456;0.616;0.346;0.438;0.16;0.478;0.58;0.385;0.569;0.463;0.44;0.324;0.475;0.245;0.502;0.239;0.542;0.221;0.352;0.517
0.62;0.647;0.315;0.563;0.549;0.639;0.573;0.564;0.614;0.29;0.58;0.508;0.597;0.503;0.57;0.589;0.563;0.531;0.406;0.418;0.379;0.425;0.352;0.376;0.295;0.484;0.597;0.353;0.532;0.597;0.496;0.475;0.55;0.49;0.371;0.461;0.618;0.49;0.428;0.456;0.419;0.441;0.451;0.466;0.536;0.442;0.575;0.502;0.497;0.49;0.537;0.46;0.36;0.597;0.5;0.64;0.444;0.629;0.581;0.661;0.374;0.293;0.486;0.386;0.595;0.444;1.0;0.455;0.628;0.578;0.534;0.203;0.638;0.635;0.45;0.555;0.426;0.61;0.423;0.563;0.382;0.589;0.294;0.566;0.338;0.503;0.609
0.415;0.471;0.23;0.412;0.375;0.453;0.472;0.442;0.478;0.409;0.347;0.281;0.404;0.562;0.479;0.522;0.469;0.516;0.462;0.487;0.524;0.552;0.428;0.502;0.356;0.432;0.459;0.414;0.374;0.455;0.548;0.543;0.476;0.552;0.407;0.387;0.469;0.452;0.451;0.458;0.451;0.386;0.552;0.567;0.424;0.349;0.387;0.567;0.566;0.554;0.456;0.403;0.471;0.418;0.453;0.626;0.367;0.468;0.486;0.655;0.444;0.417;0.453;0.475;0.413;0.459;0.423;1.0;0.484;0.45;0.517;0.281;0.437;0.499;0.571;0.421;0.33;0.432;0.507;0.416;0.405;0.418;0.387;0.467;0.418;0.54;0.544
0.594;0.571;0.336;0.442;0.377;0.475;0.484;0.524;0.683;0.204;0.661;0.509;0.577;0.354;0.555;0.484;0.457;0.407;0.274;0.268;0.291;0.345;0.226;0.246;0.207;0.377;0.458;0.23;0.457;0.6;0.298;0.394;0.316;0.305;0.231;0.38;0.491;0.299;0.34;0.456;0.271;0.343;0.306;0.318;0.495;0.472;0.517;0.274;0.354;0.317;0.396;0.353;0.261;0.39;0.351;0.475;0.289;0.48;0.471;0.766;0.235;0.173;0.331;0.232;0.565;0.443;0.449;0.371;1.0;0.36;0.418;0.165;0.53;0.464;0.345;0.547;0.423;0.431;0.289;0.401;0.214;0.4;0.183;0.492;0.266;0.337;0.5
0.627;0.665;0.321;0.512;0.569;0.709;0.546;0.596;0.629;0.419;0.694;0.458;0.554;0.606;0.58;0.655;0.57;0.466;0.482;0.541;0.549;0.54;0.638;0.434;0.417;0.585;0.636;0.426;0.501;0.611;0.786;0.596;0.564;0.621;0.466;0.538;0.633;0.623;0.625;0.568;0.52;0.554;0.565;0.584;0.549;0.443;0.592;0.579;0.581;0.604;0.569;0.526;0.416;0.584;0.646;0.639;0.512;0.65;0.532;0.708;0.517;0.389;0.59;0.504;0.555;0.519;0.634;0.58;0.648;1.0;0.628;0.287;0.684;0.646;0.584;0.508;0.473;0.641;0.508;0.586;0.54;0.589;0.388;0.577;0.436;0.656;0.618
0.633;0.637;0.39;0.553;0.514;0.613;0.606;0.608;0.692;0.405;0.626;0.55;0.639;0.655;0.634;0.687;0.613;0.572;0.501;0.534;0.553;0.573;0.439;0.467;0.384;0.576;0.582;0.439;0.563;0.627;0.557;0.528;0.574;0.587;0.497;0.567;0.59;0.63;0.633;0.589;0.482;0.574;0.591;0.622;0.559;0.525;0.611;0.603;0.612;0.647;0.611;0.499;0.492;0.597;0.583;0.606;0.53;0.649;0.59;0.707;0.535;0.395;0.622;0.501;0.584;0.56;0.674;0.617;0.581;0.63;1.0;0.29;0.646;0.704;0.586;0.581;0.449;0.609;0.517;0.632;0.439;0.622;0.431;0.659;0.392;0.581;0.71
0.426;0.5;0.246;0.49;0.465;0.465;0.497;0.481;0.568;0.522;0.357;0.275;0.42;0.592;0.454;0.509;0.532;0.58;0.623;0.499;0.605;0.556;0.607;0.602;0.603;0.509;0.48;0.646;0.387;0.444;0.55;0.56;0.526;0.594;0.6;0.424;0.429;0.477;0.476;0.542;0.568;0.443;0.575;0.621;0.473;0.408;0.525;0.592;0.606;0.501;0.479;0.423;0.627;0.435;0.526;0.649;0.515;0.613;0.489;0.696;0.549;0.601;0.478;0.628;0.425;0.39;0.49;0.576;0.506;0.467;0.551;1.0;0.466;0.498;0.578;0.452;0.34;0.473;0.628;0.453;0.548;0.506;0.602;0.486;0.588;0.635;0.668
0.604;0.668;0.362;0.582;0.584;0.662;0.587;0.577;0.698;0.377;0.677;0.554;0.651;0.557;0.599;0.693;0.619;0.565;0.43;0.468;0.585;0.456;0.392;0.413;0.31;0.48;0.578;0.479;0.601;0.641;0.499;0.462;0.578;0.61;0.383;0.549;0.651;0.538;0.568;0.474;0.418;0.524;0.461;0.503;0.566;0.529;0.691;0.502;0.495;0.474;0.597;0.53;0.36;0.571;0.553;0.64;0.408;0.695;0.649;0.695;0.418;0.28;0.561;0.511;0.592;0.523;0.635;0.531;0.656;0.581;0.582;0.224;1.0;0.656;0.472;0.585;0.443;0.642;0.393;0.586;0.335;0.576;0.317;0.614;0.35;0.474;0.702
0.617;0.659;0.387;0.576;0.563;0.627;0.568;0.577;0.636;0.354;0.672;0.528;0.612;0.493;0.654;0.64;0.587;0.539;0.385;0.437;0.407;0.463;0.379;0.408;0.29;0.497;0.565;0.365;0.561;0.619;0.466;0.466;0.574;0.505;0.38;0.446;0.645;0.461;0.499;0.503;0.429;0.504;0.454;0.496;0.557;0.534;0.456;0.509;0.478;0.548;0.582;0.478;0.381;0.591;0.507;0.659;0.46;0.596;0.745;0.662;0.352;0.325;0.457;0.385;0.558;0.598;0.635;0.602;0.634;0.517;0.595;0.211;0.657;1.0;0.483;0.582;0.434;0.634;0.458;0.58;0.349;0.597;0.344;0.607;0.335;0.464;0.645
0.398;0.478;0.278;0.474;0.531;0.472;0.472;0.423;0.475;0.409;0.339;0.312;0.441;0.56;0.413;0.484;0.47;0.499;0.522;0.498;0.539;0.489;0.43;0.426;0.342;0.468;0.479;0.484;0.397;0.458;0.541;0.518;0.583;0.59;0.448;0.353;0.485;0.446;0.501;0.456;0.576;0.412;0.57;0.597;0.527;0.343;0.474;0.576;0.575;0.47;0.461;0.434;0.458;0.409;0.484;0.54;0.396;0.485;0.474;0.694;0.434;0.383;0.397;0.442;0.415;0.386;0.447;0.57;0.481;0.456;0.452;0.237;0.537;0.487;1.0;0.447;0.385;0.466;0.46;0.41;0.416;0.424;0.379;0.453;0.394;0.563;0.637
0.48;0.415;0.316;0.446;0.366;0.404;0.395;0.499;0.585;0.193;0.496;0.462;0.49;0.327;0.491;0.436;0.457;0.373;0.256;0.28;0.247;0.326;0.206;0.213;0.146;0.334;0.409;0.2;0.474;0.562;0.251;0.249;0.375;0.32;0.211;0.261;0.416;0.357;0.286;0.378;0.187;0.332;0.334;0.339;0.383;0.461;0.385;0.295;0.336;0.312;0.442;0.318;0.25;0.376;0.331;0.437;0.274;0.436;0.413;0.619;0.227;0.175;0.358;0.213;0.488;0.447;0.382;0.326;0.549;0.354;0.353;0.159;0.428;0.432;0.339;1.0;0.384;0.443;0.263;0.395;0.201;0.424;0.149;0.4;0.216;0.27;0.457
0.505;0.441;0.384;0.493;0.396;0.446;0.447;0.463;0.562;0.215;0.501;0.528;0.506;0.319;0.484;0.432;0.44;0.377;0.255;0.329;0.242;0.306;0.228;0.183;0.17;0.348;0.446;0.222;0.496;0.48;0.26;0.224;0.347;0.336;0.226;0.343;0.433;0.342;0.464;0.388;0.295;0.357;0.349;0.288;0.407;0.48;0.442;0.339;0.368;0.337;0.427;0.421;0.251;0.396;0.454;0.461;0.314;0.433;0.448;0.636;0.224;0.153;0.339;0.236;0.494;0.454;0.431;0.337;0.502;0.373;0.352;0.128;0.45;0.434;0.38;0.529;1.0;0.434;0.298;0.403;0.208;0.392;0.161;0.425;0.213;0.334;0.432
0.583;0.621;0.392;0.563;0.513;0.64;0.489;0.536;0.635;0.358;0.642;0.533;0.608;0.444;0.596;0.649;0.587;0.528;0.369;0.435;0.427;0.467;0.364;0.391;0.295;0.507;0.552;0.37;0.419;0.609;0.445;0.419;0.583;0.503;0.377;0.484;0.62;0.465;0.497;0.44;0.411;0.502;0.456;0.483;0.527;0.437;0.575;0.455;0.568;0.527;0.635;0.505;0.378;0.598;0.505;0.65;0.436;0.656;0.588;0.638;0.356;0.3;0.509;0.368;0.554;0.461;0.612;0.481;0.61;0.511;0.554;0.221;0.643;0.632;0.46;0.561;0.43;1.0;0.412;0.61;0.303;0.548;0.29;0.522;0.315;0.439;0.588
0.433;0.498;0.234;0.475;0.407;0.493;0.454;0.486;0.477;0.574;0.373;0.319;0.41;0.568;0.5;0.454;0.485;0.535;0.577;0.523;0.544;0.563;0.618;0.623;0.48;0.504;0.453;0.542;0.372;0.477;0.57;0.557;0.5;0.622;0.587;0.427;0.556;0.486;0.496;0.486;0.564;0.435;0.586;0.587;0.442;0.359;0.473;0.594;0.613;0.516;0.559;0.4;0.526;0.509;0.509;0.614;0.525;0.424;0.513;0.668;0.543;0.507;0.48;0.605;0.434;0.363;0.502;0.637;0.472;0.498;0.531;0.323;0.44;0.543;0.577;0.454;0.365;0.433;1.0;0.51;0.548;0.437;0.563;0.482;0.506;0.581;0.62
0.612;0.658;0.394;0.581;0.525;0.634;0.531;0.575;0.56;0.307;0.606;0.547;0.623;0.537;0.575;0.655;0.594;0.48;0.417;0.47;0.401;0.462;0.336;0.365;0.313;0.512;0.576;0.363;0.529;0.632;0.463;0.449;0.668;0.509;0.374;0.464;0.633;0.492;0.536;0.481;0.394;0.568;0.464;0.538;0.565;0.517;0.583;0.473;0.481;0.539;0.544;0.538;0.404;0.637;0.545;0.708;0.436;0.653;0.606;0.69;0.411;0.358;0.555;0.383;0.609;0.451;0.627;0.483;0.647;0.524;0.61;0.218;0.657;0.711;0.475;0.583;0.447;0.632;0.454;1.0;0.322;0.614;0.324;0.53;0.365;0.457;0.705
0.254;0.338;0.118;0.3;0.297;0.394;0.378;0.322;0.267;0.51;0.112;0.115;0.282;0.397;0.289;0.381;0.31;0.355;0.47;0.356;0.539;0.387;0.571;0.524;0.417;0.333;0.369;0.527;0.224;0.261;0.714;0.525;0.509;0.401;0.529;0.293;0.31;0.331;0.348;0.334;0.433;0.288;0.404;0.433;0.321;0.286;0.356;0.435;0.409;0.34;0.317;0.251;0.446;0.287;0.396;0.435;0.352;0.318;0.312;0.412;0.441;0.411;0.347;0.537;0.293;0.218;0.347;0.411;0.275;0.423;0.381;0.284;0.387;0.316;0.409;0.233;0.213;0.306;0.48;0.283;1.0;0.313;0.433;0.32;0.435;0.475;0.404
0.543;0.613;0.385;0.51;0.592;0.608;0.523;0.539;0.684;0.319;0.673;0.506;0.548;0.471;0.62;0.606;0.573;0.488;0.404;0.401;0.409;0.44;0.377;0.357;0.272;0.458;0.509;0.353;0.5;0.618;0.405;0.413;0.51;0.42;0.343;0.451;0.585;0.527;0.424;0.465;0.329;0.5;0.406;0.446;0.622;0.534;0.602;0.433;0.48;0.513;0.521;0.476;0.457;0.509;0.412;0.563;0.44;0.646;0.607;0.568;0.395;0.308;0.477;0.405;0.553;0.501;0.582;0.406;0.572;0.476;0.502;0.219;0.618;0.598;0.431;0.506;0.387;0.6;0.389;0.501;0.366;1.0;0.279;0.596;0.314;0.414;0.571
0.289;0.351;0.119;0.345;0.313;0.332;0.347;0.355;0.292;0.506;0.131;0.181;0.316;0.441;0.393;0.417;0.339;0.383;0.452;0.441;0.551;0.433;0.551;0.58;0.553;0.377;0.317;0.532;0.253;0.278;0.552;0.554;0.499;0.405;0.581;0.321;0.334;0.405;0.392;0.402;0.437;0.333;0.441;0.455;0.358;0.311;0.317;0.438;0.442;0.449;0.353;0.282;0.465;0.319;0.397;0.471;0.417;0.358;0.391;0.408;0.526;0.546;0.4;0.59;0.326;0.286;0.346;0.564;0.309;0.398;0.439;0.335;0.355;0.465;0.443;0.263;0.221;0.326;0.558;0.379;0.546;0.355;1.0;0.346;0.485;0.422;0.455
0.581;0.591;0.326;0.509;0.565;0.571;0.511;0.539;0.616;0.314;0.552;0.43;0.568;0.458;0.568;0.685;0.512;0.54;0.375;0.398;0.465;0.394;0.319;0.382;0.27;0.465;0.5;0.369;0.529;0.606;0.402;0.376;0.493;0.445;0.372;0.452;0.565;0.507;0.458;0.432;0.404;0.441;0.458;0.424;0.54;0.495;0.659;0.56;0.428;0.513;0.515;0.467;0.373;0.512;0.408;0.568;0.449;0.596;0.641;0.631;0.383;0.31;0.446;0.389;0.654;0.499;0.493;0.473;0.605;0.497;0.509;0.223;0.611;0.586;0.455;0.495;0.427;0.569;0.384;0.514;0.35;0.589;0.314;1.0;0.303;0.433;0.557
0.46;0.613;0.237;0.461;0.382;0.462;0.595;0.453;0.512;0.52;0.464;0.282;0.416;0.625;0.439;0.482;0.497;0.536;0.556;0.545;0.551;0.55;0.628;0.624;0.589;0.502;0.5;0.546;0.389;0.458;0.639;0.72;0.483;0.612;0.577;0.383;0.466;0.468;0.444;0.621;0.577;0.404;0.552;0.589;0.46;0.34;0.467;0.564;0.572;0.468;0.448;0.383;0.565;0.413;0.463;0.628;0.495;0.491;0.486;0.767;0.496;0.551;0.469;0.654;0.41;0.373;0.471;0.592;0.576;0.523;0.489;0.402;0.567;0.496;0.554;0.44;0.334;0.442;0.607;0.434;0.551;0.494;0.533;0.42;1.0;0.65;0.654
0.395;0.485;0.227;0.467;0.379;0.494;0.533;0.409;0.467;0.409;0.343;0.281;0.391;0.548;0.41;0.475;0.43;0.538;0.446;0.474;0.541;0.483;0.481;0.42;0.327;0.39;0.522;0.42;0.359;0.443;0.635;0.534;0.481;0.553;0.412;0.364;0.464;0.436;0.432;0.461;0.46;0.362;0.532;0.573;0.469;0.368;0.452;0.563;0.562;0.446;0.406;0.372;0.434;0.403;0.465;0.629;0.396;0.468;0.445;0.7;0.467;0.367;0.446;0.437;0.394;0.355;0.504;0.542;0.47;0.569;0.463;0.249;0.486;0.417;0.564;0.429;0.335;0.396;0.462;0.412;0.466;0.418;0.371;0.428;0.407;1.0;0.629
0.398;0.488;0.261;0.441;0.401;0.512;0.465;0.437;0.546;0.366;0.345;0.32;0.424;0.57;0.433;0.533;0.527;0.57;0.358;0.458;0.512;0.437;0.388;0.334;0.308;0.393;0.502;0.379;0.436;0.481;0.491;0.488;0.566;0.532;0.384;0.392;0.463;0.395;0.388;0.446;0.418;0.405;0.424;0.549;0.42;0.456;0.544;0.466;0.462;0.425;0.505;0.407;0.367;0.404;0.361;0.607;0.311;0.557;0.483;0.703;0.349;0.279;0.348;0.399;0.432;0.365;0.494;0.456;0.484;0.349;0.44;0.24;0.585;0.536;0.525;0.453;0.33;0.447;0.369;0.459;0.347;0.469;0.311;0.502;0.355;0.519;1.0
