0.0;0.43000000000000005;0.69;0.55;0.511;0.482;0.52;0.45899999999999996;0.42100000000000004;0.789;0.5880000000000001;0.646;0.41700000000000004;0.6990000000000001;0.43000000000000005;0.46299999999999997;0.5469999999999999;0.604;0.702;0.6599999999999999;0.791;0.655;0.767;0.751;0.7969999999999999;0.598;0.55;0.819;0.471;0.43700000000000006;0.779;0.722;0.79;0.6699999999999999;0.772;0.665;0.486;0.646;0.5840000000000001;0.613;0.71;0.642;0.65;0.638;0.488;0.5760000000000001;0.493;0.645;0.649;0.579;0.565;0.5900000000000001;0.7110000000000001;0.599;0.5760000000000001;0.593;0.675;0.475;0.46699999999999997;0.615;0.791;0.798;0.5800000000000001;0.758;0.40900000000000003;0.472;0.46599999999999997;0.641;0.406;0.5660000000000001;0.565;0.8220000000000001;0.503;0.46399999999999997;0.652;0.52;0.5529999999999999;0.493;0.698;0.528;0.77;0.527;0.792;0.49;0.732;0.6599999999999999;0.602
0.43000000000000005;0.0;0.641;0.43500000000000005;0.43700000000000006;0.348;0.42300000000000004;0.44799999999999995;0.515;0.687;0.619;0.6779999999999999;0.46599999999999997;0.538;0.498;0.33799999999999997;0.41800000000000004;0.569;0.5760000000000001;0.612;0.654;0.5660000000000001;0.631;0.655;0.708;0.492;0.41100000000000003;0.644;0.44799999999999995;0.5700000000000001;0.6699999999999999;0.599;0.687;0.548;0.646;0.548;0.483;0.48;0.495;0.479;0.5720000000000001;0.473;0.5469999999999999;0.518;0.45299999999999996;0.5449999999999999;0.41000000000000003;0.571;0.596;0.522;0.45099999999999996;0.5389999999999999;0.624;0.41700000000000004;0.475;0.46299999999999997;0.567;0.33399999999999996;0.403;0.623;0.6579999999999999;0.7170000000000001;0.489;0.604;0.517;0.478;0.353;0.529;0.42900000000000005;0.486;0.48;0.762;0.33199999999999996;0.34099999999999997;0.5349999999999999;0.585;0.5640000000000001;0.379;0.5720000000000001;0.42500000000000004;0.671;0.44199999999999995;0.7130000000000001;0.41000000000000003;0.614;0.515;0.512
0.69;0.641;0.0;0.6659999999999999;0.696;0.644;0.6839999999999999;0.675;0.659;0.844;0.735;0.5700000000000001;0.556;0.759;0.637;0.616;0.6679999999999999;0.72;0.788;0.795;0.894;0.785;0.878;0.872;0.87;0.631;0.665;0.867;0.562;0.648;0.902;0.918;0.945;0.763;0.8049999999999999;0.725;0.6839999999999999;0.759;0.6799999999999999;0.6970000000000001;0.8049999999999999;0.642;0.779;0.744;0.673;0.679;0.65;0.795;0.762;0.677;0.679;0.512;0.81;0.659;0.752;0.75;0.785;0.5920000000000001;0.6910000000000001;0.763;0.866;0.9;0.6659999999999999;0.851;0.614;0.646;0.685;0.796;0.6639999999999999;0.679;0.6839999999999999;0.887;0.638;0.613;0.742;0.6839999999999999;0.616;0.608;0.802;0.655;0.882;0.615;0.911;0.694;0.841;0.773;0.739
0.55;0.43500000000000005;0.6659999999999999;0.0;0.502;0.502;0.482;0.5449999999999999;0.508;0.687;0.727;0.6819999999999999;0.5329999999999999;0.522;0.536;0.49;0.42800000000000005;0.523;0.5700000000000001;0.609;0.6799999999999999;0.612;0.6719999999999999;0.663;0.744;0.5529999999999999;0.45499999999999996;0.6639999999999999;0.54;0.5720000000000001;0.661;0.669;0.716;0.474;0.6659999999999999;0.518;0.501;0.558;0.6;0.502;0.587;0.516;0.5549999999999999;0.5680000000000001;0.479;0.5840000000000001;0.471;0.544;0.5780000000000001;0.509;0.44399999999999995;0.519;0.6759999999999999;0.505;0.51;0.515;0.594;0.42500000000000004;0.496;0.6719999999999999;0.6579999999999999;0.7;0.5369999999999999;0.656;0.538;0.544;0.478;0.5880000000000001;0.558;0.569;0.52;0.788;0.41800000000000004;0.42400000000000004;0.526;0.554;0.562;0.492;0.591;0.483;0.7;0.49;0.706;0.491;0.685;0.544;0.5589999999999999
0.511;0.43700000000000006;0.696;0.502;0.0;0.494;0.504;0.585;0.5509999999999999;0.679;0.785;0.638;0.46399999999999997;0.589;0.622;0.43000000000000005;0.52;0.5800000000000001;0.595;0.61;0.7110000000000001;0.558;0.7;0.7;0.704;0.5509999999999999;0.52;0.6739999999999999;0.5860000000000001;0.636;0.683;0.728;0.714;0.601;0.671;0.508;0.43600000000000005;0.601;0.5920000000000001;0.618;0.5329999999999999;0.507;0.5900000000000001;0.598;0.34299999999999997;0.5509999999999999;0.479;0.598;0.599;0.548;0.515;0.5;0.577;0.492;0.536;0.605;0.607;0.471;0.481;0.727;0.679;0.731;0.509;0.673;0.542;0.527;0.45999999999999996;0.625;0.623;0.5469999999999999;0.548;0.79;0.45499999999999996;0.43700000000000006;0.474;0.634;0.604;0.487;0.649;0.475;0.7030000000000001;0.40800000000000003;0.719;0.44199999999999995;0.746;0.621;0.599
0.482;0.348;0.644;0.502;0.494;0.0;0.46499999999999997;0.45199999999999996;0.487;0.687;0.728;0.694;0.528;0.5529999999999999;0.46699999999999997;0.353;0.43500000000000005;0.531;0.5780000000000001;0.56;0.648;0.5569999999999999;0.644;0.638;0.6910000000000001;0.49;0.382;0.629;0.499;0.554;0.585;0.657;0.702;0.481;0.627;0.511;0.387;0.492;0.48;0.499;0.579;0.497;0.546;0.5349999999999999;0.44799999999999995;0.5429999999999999;0.474;0.5349999999999999;0.531;0.597;0.44399999999999995;0.497;0.637;0.395;0.475;0.527;0.5529999999999999;0.354;0.43000000000000005;0.661;0.649;0.72;0.503;0.612;0.469;0.511;0.361;0.5469999999999999;0.525;0.43300000000000005;0.477;0.775;0.33899999999999997;0.373;0.5429999999999999;0.596;0.56;0.36;0.615;0.39;0.606;0.403;0.6930000000000001;0.482;0.6819999999999999;0.507;0.488
0.52;0.42300000000000004;0.6839999999999999;0.482;0.504;0.46499999999999997;0.0;0.5;0.5469999999999999;0.7170000000000001;0.659;0.64;0.532;0.583;0.522;0.45799999999999996;0.477;0.526;0.62;0.598;0.6819999999999999;0.61;0.649;0.617;0.7170000000000001;0.5469999999999999;0.403;0.6619999999999999;0.528;0.5660000000000001;0.663;0.623;0.652;0.538;0.659;0.515;0.485;0.501;0.5329999999999999;0.483;0.5860000000000001;0.579;0.526;0.528;0.483;0.56;0.495;0.5569999999999999;0.5329999999999999;0.5349999999999999;0.492;0.544;0.589;0.494;0.501;0.534;0.581;0.46099999999999997;0.485;0.639;0.641;0.714;0.583;0.667;0.524;0.587;0.482;0.534;0.516;0.532;0.491;0.773;0.41700000000000004;0.43200000000000005;0.528;0.605;0.5549999999999999;0.511;0.573;0.493;0.655;0.477;0.7130000000000001;0.489;0.625;0.472;0.5349999999999999
0.45899999999999996;0.44799999999999995;0.675;0.5449999999999999;0.585;0.45199999999999996;0.5;0.0;0.497;0.702;0.637;0.542;0.44599999999999995;0.619;0.36;0.491;0.52;0.5640000000000001;0.6839999999999999;0.669;0.727;0.636;0.7010000000000001;0.706;0.77;0.621;0.506;0.744;0.506;0.507;0.738;0.775;0.789;0.646;0.71;0.735;0.501;0.663;0.5880000000000001;0.608;0.708;0.714;0.635;0.616;0.525;0.43700000000000006;0.542;0.612;0.6859999999999999;0.615;0.5329999999999999;0.5840000000000001;0.663;0.5;0.615;0.5529999999999999;0.64;0.513;0.512;0.602;0.685;0.777;0.589;0.708;0.41500000000000004;0.5349999999999999;0.504;0.62;0.476;0.603;0.5880000000000001;0.8;0.504;0.493;0.639;0.501;0.565;0.5349999999999999;0.6659999999999999;0.5800000000000001;0.748;0.528;0.723;0.534;0.74;0.634;0.563
0.42100000000000004;0.515;0.659;0.508;0.5509999999999999;0.487;0.5469999999999999;0.497;0.0;0.783;0.569;0.497;0.41800000000000004;0.622;0.45999999999999996;0.478;0.486;0.589;0.704;0.687;0.723;0.677;0.76;0.738;0.8280000000000001;0.641;0.56;0.736;0.471;0.41100000000000003;0.737;0.7110000000000001;0.729;0.656;0.773;0.643;0.573;0.613;0.591;0.6;0.716;0.597;0.643;0.628;0.5640000000000001;0.577;0.526;0.657;0.625;0.569;0.546;0.629;0.6859999999999999;0.651;0.649;0.513;0.735;0.43899999999999995;0.45599999999999996;0.5369999999999999;0.743;0.831;0.609;0.766;0.513;0.552;0.496;0.652;0.32199999999999995;0.6;0.624;0.798;0.43700000000000006;0.472;0.6839999999999999;0.41500000000000004;0.5880000000000001;0.55;0.7110000000000001;0.544;0.794;0.524;0.8160000000000001;0.5569999999999999;0.748;0.6719999999999999;0.45799999999999996
0.789;0.687;0.844;0.687;0.679;0.687;0.7170000000000001;0.702;0.783;0.0;0.948;0.9;0.735;0.612;0.76;0.643;0.698;0.637;0.5900000000000001;0.612;0.618;0.5700000000000001;0.469;0.487;0.46599999999999997;0.5660000000000001;0.6839999999999999;0.47;0.772;0.7989999999999999;0.5840000000000001;0.5800000000000001;0.69;0.605;0.349;0.7110000000000001;0.688;0.641;0.667;0.6659999999999999;0.54;0.6779999999999999;0.621;0.601;0.685;0.7150000000000001;0.694;0.5720000000000001;0.577;0.677;0.671;0.7030000000000001;0.5820000000000001;0.6639999999999999;0.6659999999999999;0.685;0.661;0.688;0.6819999999999999;0.8049999999999999;0.571;0.5840000000000001;0.685;0.43600000000000005;0.762;0.774;0.71;0.6;0.796;0.656;0.633;0.735;0.6639999999999999;0.6779999999999999;0.591;0.8069999999999999;0.792;0.6910000000000001;0.587;0.722;0.49;0.692;0.598;0.6859999999999999;0.635;0.591;0.634
0.5880000000000001;0.619;0.735;0.727;0.785;0.728;0.659;0.637;0.569;0.948;0.0;0.546;0.618;0.846;0.6990000000000001;0.6930000000000001;0.6719999999999999;0.775;0.858;0.812;0.918;0.863;0.919;0.9390000000000001;0.958;0.759;0.6759999999999999;0.943;0.731;0.65;0.905;0.881;0.877;0.831;0.9299999999999999;0.837;0.743;0.762;0.779;0.722;0.865;0.769;0.8160000000000001;0.844;0.6699999999999999;0.683;0.724;0.8240000000000001;0.841;0.721;0.6990000000000001;0.7170000000000001;0.866;0.755;0.782;0.752;0.791;0.766;0.758;0.579;0.946;0.96;0.772;0.937;0.6579999999999999;0.694;0.6859999999999999;0.7989999999999999;0.501;0.789;0.734;0.914;0.6930000000000001;0.6579999999999999;0.827;0.6679999999999999;0.741;0.789;0.842;0.779;0.938;0.687;0.949;0.673;0.873;0.846;0.751
0.646;0.6779999999999999;0.5700000000000001;0.6819999999999999;0.638;0.694;0.64;0.542;0.497;0.9;0.546;0.0;0.5429999999999999;0.75;0.643;0.669;0.619;0.704;0.792;0.76;0.874;0.8029999999999999;0.858;0.87;0.912;0.743;0.639;0.88;0.5489999999999999;0.44199999999999995;0.856;0.877;0.898;0.784;0.885;0.7030000000000001;0.598;0.719;0.6970000000000001;0.731;0.79;0.737;0.776;0.742;0.639;0.6639999999999999;0.597;0.744;0.756;0.688;0.64;0.593;0.8240000000000001;0.669;0.69;0.69;0.808;0.594;0.646;0.712;0.876;0.914;0.72;0.859;0.544;0.605;0.623;0.776;0.491;0.6779999999999999;0.643;0.909;0.5760000000000001;0.673;0.745;0.595;0.603;0.618;0.786;0.64;0.885;0.653;0.908;0.65;0.848;0.785;0.6799999999999999
0.41700000000000004;0.46599999999999997;0.556;0.5329999999999999;0.46399999999999997;0.528;0.532;0.44599999999999995;0.41800000000000004;0.735;0.618;0.5429999999999999;0.0;0.639;0.404;0.44299999999999995;0.528;0.46099999999999997;0.6910000000000001;0.6890000000000001;0.78;0.659;0.738;0.756;0.784;0.544;0.5429999999999999;0.708;0.55;0.482;0.716;0.775;0.763;0.626;0.657;0.621;0.505;0.571;0.607;0.6;0.679;0.575;0.647;0.615;0.45399999999999996;0.399;0.517;0.628;0.614;0.5349999999999999;0.536;0.503;0.6719999999999999;0.504;0.5720000000000001;0.5900000000000001;0.626;0.499;0.471;0.644;0.712;0.787;0.573;0.7;0.389;0.505;0.474;0.608;0.42300000000000004;0.5740000000000001;0.626;0.834;0.42400000000000004;0.511;0.607;0.51;0.5589999999999999;0.47;0.721;0.519;0.739;0.472;0.779;0.573;0.751;0.65;0.5760000000000001
0.6990000000000001;0.538;0.759;0.522;0.589;0.5529999999999999;0.583;0.619;0.622;0.612;0.846;0.75;0.639;0.0;0.616;0.524;0.492;0.5329999999999999;0.5369999999999999;0.46299999999999997;0.597;0.469;0.5920000000000001;0.579;0.607;0.518;0.558;0.569;0.571;0.671;0.581;0.552;0.6819999999999999;0.395;0.532;0.627;0.548;0.558;0.546;0.54;0.5589999999999999;0.604;0.44299999999999995;0.41400000000000003;0.5820000000000001;0.665;0.529;0.42600000000000005;0.44399999999999995;0.504;0.554;0.623;0.556;0.5349999999999999;0.5660000000000001;0.515;0.587;0.471;0.525;0.656;0.528;0.649;0.506;0.518;0.633;0.613;0.497;0.43799999999999994;0.646;0.519;0.489;0.716;0.44299999999999995;0.507;0.44099999999999995;0.673;0.681;0.556;0.499;0.527;0.607;0.567;0.606;0.542;0.593;0.45199999999999996;0.43000000000000005
0.43000000000000005;0.498;0.637;0.536;0.622;0.46699999999999997;0.522;0.36;0.45999999999999996;0.76;0.6990000000000001;0.643;0.404;0.616;0.0;0.45799999999999996;0.514;0.605;0.6990000000000001;0.647;0.78;0.624;0.761;0.7070000000000001;0.7989999999999999;0.654;0.5529999999999999;0.758;0.44699999999999995;0.44199999999999995;0.768;0.7150000000000001;0.776;0.694;0.741;0.679;0.46599999999999997;0.633;0.673;0.616;0.7050000000000001;0.637;0.654;0.616;0.521;0.498;0.593;0.634;0.626;0.5429999999999999;0.5349999999999999;0.618;0.688;0.512;0.585;0.573;0.62;0.44599999999999995;0.41800000000000004;0.609;0.7090000000000001;0.785;0.579;0.73;0.40900000000000003;0.44499999999999995;0.497;0.5720000000000001;0.44499999999999995;0.525;0.593;0.8109999999999999;0.43400000000000005;0.372;0.647;0.509;0.579;0.482;0.609;0.519;0.746;0.5700000000000001;0.732;0.518;0.726;0.702;0.567
0.46299999999999997;0.33799999999999997;0.616;0.49;0.43000000000000005;0.353;0.45799999999999996;0.491;0.478;0.643;0.6930000000000001;0.669;0.44299999999999995;0.524;0.45799999999999996;0.0;0.42000000000000004;0.508;0.591;0.641;0.669;0.5509999999999999;0.647;0.594;0.6839999999999999;0.485;0.42400000000000004;0.602;0.44299999999999995;0.484;0.638;0.656;0.6799999999999999;0.5409999999999999;0.606;0.534;0.375;0.43500000000000005;0.477;0.525;0.579;0.494;0.6;0.511;0.44899999999999995;0.5429999999999999;0.405;0.45899999999999996;0.5660000000000001;0.5329999999999999;0.43200000000000005;0.483;0.613;0.43400000000000005;0.54;0.529;0.573;0.32999999999999996;0.404;0.659;0.633;0.7050000000000001;0.484;0.5860000000000001;0.44999999999999996;0.493;0.41100000000000003;0.529;0.516;0.488;0.41800000000000004;0.761;0.30900000000000005;0.36;0.516;0.5640000000000001;0.5680000000000001;0.40700000000000003;0.5680000000000001;0.42400000000000004;0.634;0.43700000000000006;0.7;0.364;0.669;0.531;0.46699999999999997
0.5469999999999999;0.41800000000000004;0.6679999999999999;0.42800000000000005;0.52;0.43500000000000005;0.477;0.52;0.486;0.698;0.6719999999999999;0.619;0.528;0.492;0.514;0.42000000000000004;0.0;0.575;0.565;0.5640000000000001;0.638;0.552;0.6599999999999999;0.604;0.702;0.522;0.42900000000000005;0.599;0.546;0.5700000000000001;0.653;0.6579999999999999;0.679;0.474;0.609;0.614;0.42700000000000005;0.482;0.5489999999999999;0.482;0.5840000000000001;0.5329999999999999;0.552;0.507;0.489;0.565;0.43700000000000006;0.534;0.516;0.531;0.381;0.507;0.598;0.46299999999999997;0.5489999999999999;0.483;0.628;0.32699999999999996;0.45699999999999996;0.647;0.64;0.698;0.491;0.609;0.523;0.54;0.44099999999999995;0.531;0.5429999999999999;0.499;0.479;0.768;0.384;0.41300000000000003;0.5329999999999999;0.5429999999999999;0.565;0.41300000000000003;0.613;0.43100000000000005;0.69;0.43500000000000005;0.727;0.488;0.631;0.5700000000000001;0.473
0.604;0.569;0.72;0.523;0.5800000000000001;0.531;0.526;0.5640000000000001;0.589;0.637;0.775;0.704;0.46099999999999997;0.5329999999999999;0.605;0.508;0.575;0.0;0.56;0.591;0.64;0.597;0.673;0.624;0.679;0.548;0.538;0.596;0.605;0.599;0.608;0.602;0.625;0.508;0.5509999999999999;0.656;0.474;0.612;0.629;0.579;0.649;0.604;0.554;0.502;0.558;0.5660000000000001;0.515;0.515;0.474;0.624;0.5409999999999999;0.575;0.599;0.569;0.632;0.477;0.675;0.569;0.527;0.602;0.661;0.7;0.581;0.594;0.577;0.617;0.5329999999999999;0.558;0.593;0.598;0.656;0.8009999999999999;0.524;0.528;0.512;0.627;0.6699999999999999;0.544;0.599;0.589;0.646;0.512;0.741;0.483;0.667;0.5449999999999999;0.43000000000000005
0.702;0.5760000000000001;0.788;0.5700000000000001;0.595;0.5780000000000001;0.62;0.6839999999999999;0.704;0.5900000000000001;0.858;0.792;0.6910000000000001;0.5369999999999999;0.6990000000000001;0.591;0.565;0.56;0.0;0.53;0.642;0.601;0.563;0.556;0.508;0.511;0.583;0.558;0.6990000000000001;0.719;0.609;0.675;0.742;0.538;0.51;0.5900000000000001;0.573;0.514;0.513;0.509;0.40800000000000003;0.5680000000000001;0.495;0.489;0.614;0.776;0.622;0.538;0.589;0.523;0.637;0.597;0.43000000000000005;0.608;0.506;0.629;0.5389999999999999;0.569;0.669;0.719;0.569;0.556;0.52;0.515;0.6910000000000001;0.694;0.594;0.538;0.726;0.522;0.499;0.653;0.5700000000000001;0.615;0.478;0.744;0.745;0.631;0.42500000000000004;0.583;0.53;0.596;0.5549999999999999;0.625;0.5449999999999999;0.554;0.642
0.6599999999999999;0.612;0.795;0.609;0.61;0.56;0.598;0.669;0.687;0.612;0.812;0.76;0.6890000000000001;0.46299999999999997;0.647;0.641;0.5640000000000001;0.591;0.53;0.0;0.619;0.488;0.641;0.631;0.5880000000000001;0.518;0.651;0.634;0.665;0.6579999999999999;0.628;0.5900000000000001;0.775;0.46299999999999997;0.5920000000000001;0.542;0.5680000000000001;0.487;0.516;0.546;0.5429999999999999;0.594;0.516;0.5;0.589;0.74;0.604;0.489;0.485;0.534;0.5920000000000001;0.618;0.5389999999999999;0.552;0.546;0.5569999999999999;0.5329999999999999;0.571;0.5880000000000001;0.7070000000000001;0.5609999999999999;0.627;0.546;0.5920000000000001;0.692;0.6819999999999999;0.5820000000000001;0.513;0.732;0.511;0.527;0.722;0.532;0.563;0.502;0.72;0.671;0.565;0.48;0.53;0.644;0.599;0.61;0.605;0.599;0.526;0.542
0.791;0.654;0.894;0.6799999999999999;0.7110000000000001;0.648;0.6819999999999999;0.727;0.723;0.618;0.918;0.874;0.78;0.597;0.78;0.669;0.638;0.64;0.642;0.619;0.0;0.5640000000000001;0.5409999999999999;0.5660000000000001;0.681;0.601;0.6679999999999999;0.473;0.775;0.787;0.476;0.487;0.5680000000000001;0.478;0.5780000000000001;0.768;0.656;0.634;0.639;0.645;0.688;0.724;0.6;0.5900000000000001;0.6659999999999999;0.78;0.7;0.55;0.536;0.65;0.657;0.731;0.646;0.7170000000000001;0.6799999999999999;0.562;0.718;0.635;0.654;0.721;0.534;0.679;0.69;0.519;0.6970000000000001;0.789;0.6930000000000001;0.617;0.7090000000000001;0.65;0.649;0.791;0.565;0.6579999999999999;0.605;0.753;0.851;0.6739999999999999;0.642;0.692;0.617;0.656;0.6719999999999999;0.6910000000000001;0.677;0.5569999999999999;0.544
0.655;0.5660000000000001;0.785;0.612;0.558;0.5569999999999999;0.61;0.636;0.677;0.5700000000000001;0.863;0.8029999999999999;0.659;0.469;0.624;0.5509999999999999;0.552;0.597;0.601;0.488;0.5640000000000001;0.0;0.589;0.563;0.604;0.5640000000000001;0.577;0.5780000000000001;0.655;0.712;0.5740000000000001;0.5700000000000001;0.6859999999999999;0.486;0.5369999999999999;0.628;0.5700000000000001;0.55;0.61;0.5609999999999999;0.593;0.639;0.52;0.492;0.583;0.714;0.615;0.505;0.478;0.554;0.534;0.648;0.5369999999999999;0.609;0.5820000000000001;0.505;0.601;0.55;0.587;0.687;0.534;0.645;0.5529999999999999;0.531;0.665;0.7050000000000001;0.575;0.44799999999999995;0.655;0.528;0.552;0.761;0.544;0.5369999999999999;0.511;0.6739999999999999;0.694;0.54;0.5760000000000001;0.599;0.613;0.575;0.616;0.606;0.604;0.517;0.563
0.767;0.631;0.878;0.6719999999999999;0.7;0.644;0.649;0.7010000000000001;0.76;0.469;0.919;0.858;0.738;0.5920000000000001;0.761;0.647;0.6599999999999999;0.673;0.563;0.641;0.5409999999999999;0.589;0.0;0.45899999999999996;0.534;0.663;0.645;0.45799999999999996;0.748;0.79;0.371;0.597;0.6799999999999999;0.579;0.42500000000000004;0.7010000000000001;0.659;0.614;0.653;0.648;0.526;0.743;0.594;0.5640000000000001;0.659;0.778;0.6839999999999999;0.575;0.577;0.622;0.635;0.736;0.573;0.714;0.597;0.6990000000000001;0.608;0.661;0.639;0.786;0.5469999999999999;0.5800000000000001;0.628;0.403;0.722;0.756;0.648;0.5720000000000001;0.774;0.492;0.606;0.7050000000000001;0.652;0.6619999999999999;0.5700000000000001;0.794;0.773;0.6779999999999999;0.548;0.669;0.42900000000000005;0.667;0.525;0.681;0.608;0.519;0.612
0.751;0.655;0.872;0.663;0.7;0.638;0.617;0.706;0.738;0.487;0.9390000000000001;0.87;0.756;0.579;0.7070000000000001;0.594;0.604;0.624;0.556;0.631;0.5660000000000001;0.563;0.45899999999999996;0.0;0.524;0.609;0.673;0.42900000000000005;0.72;0.762;0.546;0.593;0.642;0.5880000000000001;0.387;0.723;0.665;0.649;0.657;0.643;0.524;0.733;0.5760000000000001;0.552;0.627;0.752;0.659;0.548;0.548;0.631;0.645;0.731;0.485;0.7030000000000001;0.652;0.63;0.612;0.613;0.639;0.789;0.529;0.5529999999999999;0.65;0.373;0.6950000000000001;0.742;0.624;0.498;0.754;0.624;0.627;0.721;0.626;0.5920000000000001;0.5740000000000001;0.787;0.817;0.6639999999999999;0.503;0.673;0.476;0.643;0.534;0.6579999999999999;0.583;0.5800000000000001;0.6659999999999999
0.7969999999999999;0.708;0.87;0.744;0.704;0.6910000000000001;0.7170000000000001;0.77;0.8280000000000001;0.46599999999999997;0.958;0.912;0.784;0.607;0.7989999999999999;0.6839999999999999;0.702;0.679;0.508;0.5880000000000001;0.681;0.604;0.534;0.524;0.0;0.528;0.729;0.5680000000000001;0.841;0.812;0.645;0.629;0.753;0.602;0.43000000000000005;0.6910000000000001;0.694;0.599;0.607;0.608;0.526;0.6579999999999999;0.667;0.665;0.739;0.775;0.716;0.647;0.656;0.605;0.739;0.6619999999999999;0.565;0.655;0.61;0.7130000000000001;0.608;0.712;0.7090000000000001;0.837;0.603;0.46099999999999997;0.622;0.494;0.769;0.794;0.7050000000000001;0.644;0.793;0.583;0.616;0.655;0.69;0.71;0.6579999999999999;0.854;0.83;0.7050000000000001;0.52;0.687;0.583;0.728;0.44799999999999995;0.73;0.519;0.673;0.692
0.598;0.492;0.631;0.5529999999999999;0.5509999999999999;0.49;0.5469999999999999;0.621;0.641;0.5660000000000001;0.759;0.743;0.544;0.518;0.654;0.485;0.522;0.548;0.511;0.518;0.601;0.5640000000000001;0.663;0.609;0.528;0.0;0.554;0.646;0.565;0.594;0.622;0.6779999999999999;0.737;0.508;0.483;0.493;0.471;0.405;0.388;0.44599999999999995;0.521;0.377;0.554;0.531;0.486;0.626;0.527;0.534;0.521;0.43799999999999994;0.502;0.405;0.5720000000000001;0.46399999999999997;0.44399999999999995;0.611;0.474;0.482;0.499;0.727;0.596;0.607;0.405;0.627;0.567;0.593;0.516;0.5680000000000001;0.623;0.41500000000000004;0.42800000000000005;0.71;0.52;0.503;0.532;0.6659999999999999;0.652;0.493;0.5389999999999999;0.488;0.667;0.542;0.629;0.5349999999999999;0.621;0.61;0.607
0.55;0.41100000000000003;0.665;0.45499999999999996;0.52;0.382;0.403;0.506;0.56;0.6839999999999999;0.6759999999999999;0.639;0.5429999999999999;0.558;0.5529999999999999;0.42400000000000004;0.42900000000000005;0.538;0.583;0.651;0.6679999999999999;0.577;0.645;0.673;0.729;0.554;0.0;0.649;0.528;0.5549999999999999;0.615;0.6719999999999999;0.7170000000000001;0.544;0.64;0.5329999999999999;0.44599999999999995;0.5509999999999999;0.5900000000000001;0.482;0.581;0.52;0.601;0.526;0.477;0.546;0.489;0.532;0.611;0.5549999999999999;0.44999999999999996;0.513;0.642;0.486;0.587;0.496;0.597;0.43100000000000005;0.503;0.712;0.655;0.742;0.546;0.629;0.5489999999999999;0.558;0.403;0.5800000000000001;0.542;0.45499999999999996;0.501;0.775;0.42900000000000005;0.43999999999999995;0.528;0.591;0.556;0.44799999999999995;0.573;0.44699999999999995;0.631;0.491;0.706;0.512;0.642;0.481;0.498
0.819;0.644;0.867;0.6639999999999999;0.6739999999999999;0.629;0.6619999999999999;0.744;0.736;0.47;0.943;0.88;0.708;0.569;0.758;0.602;0.599;0.596;0.558;0.634;0.473;0.5780000000000001;0.45799999999999996;0.42900000000000005;0.5680000000000001;0.646;0.649;0.0;0.732;0.774;0.5860000000000001;0.598;0.669;0.45199999999999996;0.44399999999999995;0.7030000000000001;0.643;0.6;0.656;0.62;0.5680000000000001;0.6739999999999999;0.5920000000000001;0.496;0.648;0.744;0.587;0.5589999999999999;0.5529999999999999;0.604;0.617;0.702;0.519;0.6859999999999999;0.625;0.629;0.626;0.598;0.675;0.778;0.542;0.5680000000000001;0.654;0.376;0.752;0.792;0.647;0.593;0.77;0.616;0.603;0.708;0.521;0.635;0.558;0.8;0.778;0.63;0.5609999999999999;0.6779999999999999;0.474;0.647;0.5840000000000001;0.675;0.64;0.5800000000000001;0.621
0.471;0.44799999999999995;0.562;0.54;0.5860000000000001;0.499;0.528;0.506;0.471;0.772;0.731;0.5489999999999999;0.55;0.571;0.44699999999999995;0.44299999999999995;0.546;0.605;0.6990000000000001;0.665;0.775;0.655;0.748;0.72;0.841;0.565;0.528;0.732;0.0;0.481;0.776;0.78;0.794;0.614;0.743;0.653;0.44699999999999995;0.5549999999999999;0.5609999999999999;0.599;0.6639999999999999;0.562;0.652;0.598;0.5569999999999999;0.5549999999999999;0.43400000000000005;0.637;0.628;0.562;0.5840000000000001;0.508;0.729;0.519;0.569;0.618;0.663;0.42900000000000005;0.45199999999999996;0.6639999999999999;0.729;0.812;0.5349999999999999;0.7130000000000001;0.45899999999999996;0.45599999999999996;0.519;0.633;0.5429999999999999;0.575;0.526;0.856;0.44899999999999995;0.502;0.614;0.526;0.511;0.581;0.696;0.5429999999999999;0.776;0.5;0.7969999999999999;0.471;0.745;0.641;0.5640000000000001
0.43700000000000006;0.5700000000000001;0.648;0.5720000000000001;0.636;0.554;0.5660000000000001;0.507;0.41100000000000003;0.7989999999999999;0.65;0.44199999999999995;0.482;0.671;0.44199999999999995;0.484;0.5700000000000001;0.599;0.719;0.6579999999999999;0.787;0.712;0.79;0.762;0.812;0.594;0.5549999999999999;0.774;0.481;0.0;0.726;0.74;0.771;0.7170000000000001;0.8180000000000001;0.6739999999999999;0.573;0.514;0.594;0.633;0.722;0.603;0.6659999999999999;0.653;0.5680000000000001;0.511;0.495;0.659;0.65;0.6;0.529;0.656;0.739;0.552;0.6799999999999999;0.5489999999999999;0.6859999999999999;0.49;0.5509999999999999;0.5840000000000001;0.794;0.8260000000000001;0.656;0.763;0.479;0.591;0.514;0.667;0.4;0.613;0.631;0.854;0.476;0.5449999999999999;0.692;0.43799999999999994;0.5920000000000001;0.618;0.747;0.614;0.806;0.499;0.8220000000000001;0.516;0.776;0.6579999999999999;0.526
0.779;0.6699999999999999;0.902;0.661;0.683;0.585;0.663;0.738;0.737;0.5840000000000001;0.905;0.856;0.716;0.581;0.768;0.638;0.653;0.608;0.609;0.628;0.476;0.5740000000000001;0.371;0.546;0.645;0.622;0.615;0.5860000000000001;0.776;0.726;0.0;0.41400000000000003;0.5700000000000001;0.5489999999999999;0.55;0.74;0.685;0.62;0.6839999999999999;0.626;0.595;0.748;0.608;0.563;0.6739999999999999;0.743;0.675;0.601;0.563;0.616;0.677;0.792;0.6779999999999999;0.692;0.651;0.509;0.6619999999999999;0.643;0.6599999999999999;0.7090000000000001;0.53;0.653;0.6930000000000001;0.538;0.761;0.784;0.612;0.518;0.719;0.5329999999999999;0.61;0.791;0.634;0.638;0.552;0.749;0.793;0.669;0.583;0.6930000000000001;0.505;0.6819999999999999;0.646;0.718;0.659;0.486;0.509
0.722;0.599;0.918;0.669;0.728;0.657;0.623;0.775;0.7110000000000001;0.5800000000000001;0.881;0.877;0.775;0.552;0.7150000000000001;0.656;0.6579999999999999;0.602;0.675;0.5900000000000001;0.487;0.5700000000000001;0.597;0.593;0.629;0.6779999999999999;0.6719999999999999;0.598;0.78;0.74;0.41400000000000003;0.0;0.5860000000000001;0.5609999999999999;0.55;0.759;0.683;0.645;0.635;0.599;0.616;0.734;0.604;0.601;0.6719999999999999;0.788;0.683;0.5640000000000001;0.624;0.627;0.716;0.756;0.65;0.6890000000000001;0.624;0.55;0.692;0.663;0.7;0.71;0.56;0.6759999999999999;0.706;0.55;0.776;0.8160000000000001;0.6819999999999999;0.597;0.675;0.643;0.673;0.7969999999999999;0.65;0.641;0.5780000000000001;0.751;0.848;0.6839999999999999;0.603;0.6990000000000001;0.625;0.694;0.629;0.6799999999999999;0.621;0.56;0.512
0.79;0.687;0.945;0.716;0.714;0.702;0.652;0.789;0.729;0.69;0.877;0.898;0.763;0.6819999999999999;0.776;0.6799999999999999;0.679;0.625;0.742;0.775;0.5680000000000001;0.6859999999999999;0.6799999999999999;0.642;0.753;0.737;0.7170000000000001;0.669;0.794;0.771;0.5700000000000001;0.5860000000000001;0.0;0.673;0.6619999999999999;0.761;0.7170000000000001;0.795;0.757;0.757;0.737;0.8069999999999999;0.702;0.6699999999999999;0.6699999999999999;0.798;0.6970000000000001;0.712;0.663;0.784;0.7050000000000001;0.757;0.702;0.7030000000000001;0.768;0.587;0.779;0.652;0.6679999999999999;0.634;0.643;0.716;0.745;0.657;0.732;0.789;0.7090000000000001;0.6759999999999999;0.787;0.723;0.739;0.862;0.683;0.7130000000000001;0.6990000000000001;0.755;0.827;0.692;0.736;0.742;0.6839999999999999;0.738;0.723;0.7090000000000001;0.786;0.704;0.56
0.6699999999999999;0.548;0.763;0.474;0.601;0.481;0.538;0.646;0.656;0.605;0.831;0.784;0.626;0.395;0.694;0.5409999999999999;0.474;0.508;0.538;0.46299999999999997;0.478;0.486;0.579;0.5880000000000001;0.602;0.508;0.544;0.45199999999999996;0.614;0.7170000000000001;0.5489999999999999;0.5609999999999999;0.673;0.0;0.538;0.628;0.494;0.525;0.513;0.5589999999999999;0.489;0.615;0.469;0.41200000000000003;0.575;0.6759999999999999;0.44499999999999995;0.43400000000000005;0.41200000000000003;0.5349999999999999;0.5549999999999999;0.604;0.55;0.5609999999999999;0.552;0.506;0.5720000000000001;0.52;0.613;0.661;0.5660000000000001;0.639;0.525;0.382;0.687;0.616;0.51;0.45299999999999996;0.6950000000000001;0.517;0.501;0.746;0.39;0.495;0.41000000000000003;0.6799999999999999;0.6639999999999999;0.55;0.512;0.5609999999999999;0.599;0.5800000000000001;0.648;0.5549999999999999;0.653;0.44699999999999995;0.46799999999999997
0.772;0.646;0.8049999999999999;0.6659999999999999;0.671;0.627;0.659;0.71;0.773;0.349;0.9299999999999999;0.885;0.657;0.532;0.741;0.606;0.609;0.5509999999999999;0.51;0.5920000000000001;0.5780000000000001;0.5369999999999999;0.42500000000000004;0.387;0.43000000000000005;0.483;0.64;0.44399999999999995;0.743;0.8180000000000001;0.55;0.55;0.6619999999999999;0.538;0.0;0.6819999999999999;0.597;0.617;0.614;0.646;0.512;0.63;0.5760000000000001;0.573;0.6659999999999999;0.6890000000000001;0.683;0.546;0.5469999999999999;0.609;0.608;0.647;0.5640000000000001;0.635;0.6579999999999999;0.639;0.5880000000000001;0.616;0.6659999999999999;0.79;0.5529999999999999;0.512;0.619;0.361;0.718;0.778;0.629;0.593;0.769;0.623;0.615;0.698;0.617;0.623;0.552;0.789;0.779;0.623;0.524;0.6579999999999999;0.472;0.6639999999999999;0.531;0.628;0.579;0.5880000000000001;0.616
0.665;0.548;0.725;0.518;0.508;0.511;0.515;0.735;0.643;0.7110000000000001;0.837;0.7030000000000001;0.621;0.627;0.679;0.534;0.614;0.656;0.5900000000000001;0.542;0.768;0.628;0.7010000000000001;0.723;0.6910000000000001;0.493;0.5329999999999999;0.7030000000000001;0.653;0.6739999999999999;0.74;0.759;0.761;0.628;0.6819999999999999;0.0;0.507;0.44799999999999995;0.43700000000000006;0.509;0.602;0.406;0.615;0.624;0.527;0.665;0.519;0.585;0.613;0.44299999999999995;0.494;0.514;0.597;0.505;0.488;0.655;0.502;0.46399999999999997;0.499;0.858;0.656;0.708;0.44699999999999995;0.6930000000000001;0.613;0.618;0.5389999999999999;0.613;0.62;0.46599999999999997;0.43300000000000005;0.785;0.45099999999999996;0.554;0.647;0.739;0.657;0.516;0.595;0.536;0.7070000000000001;0.5489999999999999;0.679;0.548;0.6859999999999999;0.636;0.608
0.486;0.483;0.6839999999999999;0.501;0.43600000000000005;0.387;0.485;0.501;0.573;0.688;0.743;0.598;0.505;0.548;0.46599999999999997;0.375;0.42700000000000005;0.474;0.573;0.5680000000000001;0.656;0.5700000000000001;0.659;0.665;0.694;0.471;0.44599999999999995;0.643;0.44699999999999995;0.573;0.685;0.683;0.7170000000000001;0.494;0.597;0.507;0.0;0.44899999999999995;0.508;0.5569999999999999;0.577;0.43000000000000005;0.5640000000000001;0.5920000000000001;0.41900000000000004;0.483;0.40700000000000003;0.527;0.544;0.5920000000000001;0.44999999999999996;0.483;0.679;0.383;0.531;0.563;0.565;0.373;0.42100000000000004;0.673;0.6639999999999999;0.7090000000000001;0.556;0.628;0.476;0.495;0.382;0.538;0.509;0.513;0.544;0.798;0.349;0.355;0.536;0.5840000000000001;0.569;0.38;0.5720000000000001;0.399;0.69;0.474;0.6990000000000001;0.44099999999999995;0.681;0.548;0.5369999999999999
0.646;0.48;0.759;0.558;0.601;0.492;0.501;0.663;0.613;0.641;0.762;0.719;0.571;0.558;0.633;0.43500000000000005;0.482;0.612;0.514;0.487;0.634;0.55;0.614;0.649;0.599;0.405;0.5509999999999999;0.6;0.5549999999999999;0.514;0.62;0.645;0.795;0.525;0.617;0.44799999999999995;0.44899999999999995;0.0;0.43100000000000005;0.45199999999999996;0.522;0.489;0.5609999999999999;0.5449999999999999;0.5449999999999999;0.659;0.482;0.504;0.5409999999999999;0.42200000000000004;0.558;0.5720000000000001;0.522;0.475;0.399;0.622;0.495;0.528;0.48;0.736;0.5760000000000001;0.579;0.384;0.587;0.5760000000000001;0.544;0.51;0.548;0.7010000000000001;0.377;0.37;0.7010000000000001;0.46199999999999997;0.5389999999999999;0.554;0.643;0.6579999999999999;0.5349999999999999;0.514;0.508;0.669;0.473;0.601;0.493;0.619;0.5640000000000001;0.605
0.5840000000000001;0.495;0.6799999999999999;0.6;0.5920000000000001;0.48;0.5329999999999999;0.5880000000000001;0.591;0.667;0.779;0.6970000000000001;0.607;0.546;0.673;0.477;0.5489999999999999;0.629;0.513;0.516;0.639;0.61;0.653;0.657;0.607;0.388;0.5900000000000001;0.656;0.5609999999999999;0.594;0.6839999999999999;0.635;0.757;0.513;0.614;0.43700000000000006;0.508;0.43100000000000005;0.0;0.44899999999999995;0.509;0.483;0.5329999999999999;0.502;0.522;0.645;0.492;0.5329999999999999;0.5389999999999999;0.43899999999999995;0.56;0.51;0.56;0.475;0.32499999999999996;0.629;0.476;0.472;0.5329999999999999;0.728;0.577;0.613;0.42800000000000005;0.647;0.5660000000000001;0.589;0.5720000000000001;0.5489999999999999;0.6599999999999999;0.377;0.369;0.753;0.43200000000000005;0.501;0.499;0.714;0.536;0.503;0.504;0.46399999999999997;0.652;0.5760000000000001;0.608;0.542;0.5920000000000001;0.5680000000000001;0.612
0.613;0.479;0.6970000000000001;0.502;0.618;0.499;0.483;0.608;0.6;0.6659999999999999;0.722;0.731;0.6;0.54;0.616;0.525;0.482;0.579;0.509;0.546;0.645;0.5609999999999999;0.648;0.643;0.608;0.44599999999999995;0.482;0.62;0.599;0.633;0.626;0.599;0.757;0.5589999999999999;0.646;0.509;0.5569999999999999;0.45199999999999996;0.44899999999999995;0.0;0.529;0.485;0.5609999999999999;0.54;0.581;0.617;0.5469999999999999;0.501;0.528;0.43899999999999995;0.5549999999999999;0.471;0.5720000000000001;0.528;0.43999999999999995;0.587;0.5369999999999999;0.518;0.511;0.687;0.604;0.611;0.43500000000000005;0.619;0.616;0.613;0.544;0.542;0.544;0.43200000000000005;0.41600000000000004;0.6950000000000001;0.526;0.497;0.544;0.622;0.612;0.56;0.514;0.519;0.6659999999999999;0.5349999999999999;0.598;0.5680000000000001;0.496;0.5389999999999999;0.554
0.71;0.5720000000000001;0.8049999999999999;0.587;0.5329999999999999;0.579;0.5860000000000001;0.708;0.716;0.54;0.865;0.79;0.679;0.5589999999999999;0.7050000000000001;0.579;0.5840000000000001;0.649;0.40800000000000003;0.5429999999999999;0.688;0.593;0.526;0.524;0.526;0.521;0.581;0.5680000000000001;0.6639999999999999;0.722;0.595;0.616;0.737;0.489;0.512;0.602;0.577;0.522;0.509;0.529;0.0;0.558;0.607;0.511;0.577;0.694;0.616;0.504;0.495;0.515;0.591;0.591;0.495;0.609;0.493;0.61;0.522;0.5720000000000001;0.5720000000000001;0.796;0.6;0.5449999999999999;0.534;0.53;0.6890000000000001;0.714;0.581;0.5489999999999999;0.729;0.524;0.52;0.6930000000000001;0.5820000000000001;0.571;0.42400000000000004;0.813;0.7050000000000001;0.589;0.43600000000000005;0.606;0.567;0.671;0.563;0.596;0.516;0.54;0.5820000000000001
0.642;0.473;0.642;0.516;0.507;0.497;0.579;0.714;0.597;0.6779999999999999;0.769;0.737;0.575;0.604;0.637;0.494;0.5329999999999999;0.604;0.5680000000000001;0.594;0.724;0.639;0.743;0.733;0.6579999999999999;0.377;0.52;0.6739999999999999;0.562;0.603;0.748;0.734;0.8069999999999999;0.615;0.63;0.406;0.43000000000000005;0.489;0.483;0.485;0.558;0.0;0.654;0.6;0.532;0.591;0.46799999999999997;0.603;0.636;0.42100000000000004;0.503;0.43700000000000006;0.5780000000000001;0.41900000000000004;0.43100000000000005;0.632;0.534;0.5389999999999999;0.55;0.821;0.646;0.688;0.44499999999999995;0.648;0.558;0.45599999999999996;0.5589999999999999;0.614;0.657;0.44599999999999995;0.47;0.77;0.476;0.496;0.5880000000000001;0.6679999999999999;0.643;0.498;0.565;0.43200000000000005;0.712;0.5;0.6759999999999999;0.5589999999999999;0.661;0.638;0.595
0.65;0.5469999999999999;0.779;0.5549999999999999;0.5900000000000001;0.546;0.526;0.635;0.643;0.621;0.8160000000000001;0.776;0.647;0.44299999999999995;0.654;0.6;0.552;0.554;0.495;0.516;0.6;0.52;0.594;0.5760000000000001;0.667;0.554;0.601;0.5920000000000001;0.652;0.6659999999999999;0.608;0.604;0.702;0.469;0.5760000000000001;0.615;0.5640000000000001;0.5609999999999999;0.5329999999999999;0.5609999999999999;0.607;0.654;0.0;0.42100000000000004;0.581;0.667;0.558;0.43700000000000006;0.42400000000000004;0.497;0.536;0.635;0.489;0.604;0.548;0.506;0.647;0.5369999999999999;0.5369999999999999;0.667;0.5720000000000001;0.585;0.556;0.5820000000000001;0.65;0.633;0.5489999999999999;0.45099999999999996;0.694;0.554;0.523;0.716;0.5469999999999999;0.546;0.43400000000000005;0.6659999999999999;0.655;0.544;0.5389999999999999;0.599;0.596;0.594;0.62;0.548;0.613;0.47;0.5760000000000001
0.638;0.518;0.744;0.5680000000000001;0.598;0.5349999999999999;0.528;0.616;0.628;0.601;0.844;0.742;0.615;0.41400000000000003;0.616;0.511;0.507;0.502;0.489;0.5;0.5900000000000001;0.492;0.5640000000000001;0.552;0.665;0.531;0.526;0.496;0.598;0.653;0.563;0.601;0.6699999999999999;0.41200000000000003;0.573;0.624;0.5920000000000001;0.5449999999999999;0.502;0.54;0.511;0.6;0.42100000000000004;0.0;0.567;0.599;0.516;0.42800000000000005;0.41000000000000003;0.527;0.5760000000000001;0.63;0.54;0.587;0.531;0.5369999999999999;0.623;0.482;0.548;0.675;0.499;0.64;0.54;0.5489999999999999;0.5780000000000001;0.611;0.5389999999999999;0.43500000000000005;0.6819999999999999;0.5489999999999999;0.46299999999999997;0.6930000000000001;0.497;0.512;0.403;0.661;0.712;0.573;0.531;0.571;0.5860000000000001;0.558;0.609;0.5760000000000001;0.5529999999999999;0.43000000000000005;0.45099999999999996
0.488;0.45299999999999996;0.673;0.479;0.34299999999999997;0.44799999999999995;0.483;0.525;0.5640000000000001;0.685;0.6699999999999999;0.639;0.45399999999999996;0.5820000000000001;0.521;0.44899999999999995;0.489;0.558;0.614;0.589;0.6659999999999999;0.583;0.659;0.627;0.739;0.486;0.477;0.648;0.5569999999999999;0.5680000000000001;0.6739999999999999;0.6719999999999999;0.6699999999999999;0.575;0.6659999999999999;0.527;0.41900000000000004;0.5449999999999999;0.522;0.581;0.577;0.532;0.581;0.567;0.0;0.53;0.46699999999999997;0.558;0.581;0.48;0.482;0.6;0.615;0.473;0.517;0.5800000000000001;0.622;0.40900000000000003;0.45199999999999996;0.6930000000000001;0.657;0.744;0.532;0.6639999999999999;0.46599999999999997;0.5429999999999999;0.46599999999999997;0.579;0.505;0.5800000000000001;0.569;0.796;0.43400000000000005;0.44299999999999995;0.474;0.617;0.616;0.473;0.613;0.46199999999999997;0.679;0.379;0.6799999999999999;0.45999999999999996;0.718;0.536;0.5800000000000001
0.5760000000000001;0.5449999999999999;0.679;0.5840000000000001;0.5509999999999999;0.5429999999999999;0.56;0.43700000000000006;0.577;0.7150000000000001;0.683;0.6639999999999999;0.399;0.665;0.498;0.5429999999999999;0.565;0.5660000000000001;0.776;0.74;0.78;0.714;0.778;0.752;0.775;0.626;0.546;0.744;0.5549999999999999;0.511;0.743;0.788;0.798;0.6759999999999999;0.6890000000000001;0.665;0.483;0.659;0.645;0.617;0.694;0.591;0.667;0.599;0.53;0.0;0.5700000000000001;0.638;0.706;0.631;0.5700000000000001;0.6839999999999999;0.6819999999999999;0.5449999999999999;0.648;0.612;0.6859999999999999;0.552;0.605;0.671;0.731;0.8109999999999999;0.637;0.781;0.503;0.5609999999999999;0.573;0.6579999999999999;0.528;0.649;0.636;0.853;0.604;0.5429999999999999;0.692;0.5389999999999999;0.5840000000000001;0.613;0.719;0.608;0.74;0.532;0.78;0.614;0.775;0.688;0.544
0.493;0.41000000000000003;0.65;0.471;0.479;0.474;0.495;0.542;0.526;0.694;0.724;0.597;0.517;0.529;0.593;0.405;0.43700000000000006;0.515;0.622;0.604;0.7;0.615;0.6839999999999999;0.659;0.716;0.527;0.489;0.587;0.43400000000000005;0.495;0.675;0.683;0.6970000000000001;0.44499999999999995;0.683;0.519;0.40700000000000003;0.482;0.492;0.5469999999999999;0.616;0.46799999999999997;0.558;0.516;0.46699999999999997;0.5700000000000001;0.0;0.546;0.527;0.5700000000000001;0.491;0.565;0.635;0.45199999999999996;0.5820000000000001;0.538;0.633;0.43600000000000005;0.42800000000000005;0.728;0.656;0.6910000000000001;0.493;0.5880000000000001;0.45299999999999996;0.534;0.42500000000000004;0.613;0.483;0.495;0.486;0.768;0.30900000000000005;0.544;0.5349999999999999;0.615;0.563;0.482;0.634;0.43600000000000005;0.694;0.40700000000000003;0.727;0.345;0.6859999999999999;0.5900000000000001;0.45599999999999996
0.645;0.571;0.795;0.544;0.598;0.5349999999999999;0.5569999999999999;0.612;0.657;0.5720000000000001;0.8240000000000001;0.744;0.628;0.42600000000000005;0.634;0.45899999999999996;0.534;0.515;0.538;0.489;0.55;0.505;0.575;0.548;0.647;0.534;0.532;0.5589999999999999;0.637;0.659;0.601;0.5640000000000001;0.712;0.43400000000000005;0.546;0.585;0.527;0.504;0.5329999999999999;0.501;0.504;0.603;0.43700000000000006;0.42800000000000005;0.558;0.638;0.546;0.0;0.41800000000000004;0.548;0.5369999999999999;0.6699999999999999;0.504;0.571;0.5449999999999999;0.48;0.5860000000000001;0.519;0.5389999999999999;0.6739999999999999;0.5369999999999999;0.617;0.5329999999999999;0.556;0.527;0.6950000000000001;0.548;0.44199999999999995;0.726;0.5429999999999999;0.521;0.71;0.501;0.5329999999999999;0.42800000000000005;0.7050000000000001;0.661;0.5449999999999999;0.491;0.5800000000000001;0.579;0.567;0.623;0.501;0.601;0.43700000000000006;0.534
0.649;0.596;0.762;0.5780000000000001;0.599;0.531;0.5329999999999999;0.6859999999999999;0.625;0.577;0.841;0.756;0.614;0.44399999999999995;0.626;0.5660000000000001;0.516;0.474;0.589;0.485;0.536;0.478;0.577;0.548;0.656;0.521;0.611;0.5529999999999999;0.628;0.65;0.563;0.624;0.663;0.41200000000000003;0.5469999999999999;0.613;0.544;0.5409999999999999;0.5389999999999999;0.528;0.495;0.636;0.42400000000000004;0.41000000000000003;0.581;0.706;0.527;0.41800000000000004;0.0;0.532;0.43400000000000005;0.567;0.577;0.591;0.554;0.472;0.569;0.494;0.567;0.6699999999999999;0.5349999999999999;0.605;0.552;0.5589999999999999;0.634;0.603;0.503;0.44199999999999995;0.646;0.5389999999999999;0.514;0.75;0.505;0.522;0.42500000000000004;0.6639999999999999;0.677;0.469;0.512;0.5720000000000001;0.591;0.5609999999999999;0.622;0.5720000000000001;0.6;0.44499999999999995;0.538
0.579;0.522;0.677;0.509;0.548;0.597;0.5349999999999999;0.615;0.569;0.677;0.721;0.688;0.5349999999999999;0.504;0.5429999999999999;0.5329999999999999;0.531;0.624;0.523;0.534;0.65;0.554;0.622;0.631;0.605;0.43799999999999994;0.5549999999999999;0.604;0.562;0.6;0.616;0.627;0.784;0.5349999999999999;0.609;0.44299999999999995;0.5920000000000001;0.42200000000000004;0.43899999999999995;0.43899999999999995;0.515;0.42100000000000004;0.497;0.527;0.48;0.631;0.5700000000000001;0.548;0.532;0.0;0.481;0.49;0.508;0.479;0.44699999999999995;0.5840000000000001;0.54;0.42700000000000005;0.472;0.724;0.5760000000000001;0.577;0.396;0.64;0.5549999999999999;0.5640000000000001;0.51;0.44599999999999995;0.683;0.396;0.355;0.708;0.526;0.45199999999999996;0.53;0.688;0.663;0.473;0.489;0.46099999999999997;0.6599999999999999;0.487;0.554;0.487;0.613;0.554;0.575
0.565;0.45099999999999996;0.679;0.44399999999999995;0.515;0.44399999999999995;0.492;0.5329999999999999;0.546;0.671;0.6990000000000001;0.64;0.536;0.554;0.5349999999999999;0.43200000000000005;0.381;0.5409999999999999;0.637;0.5920000000000001;0.657;0.534;0.635;0.645;0.739;0.502;0.44999999999999996;0.617;0.5840000000000001;0.529;0.677;0.716;0.7050000000000001;0.5549999999999999;0.608;0.494;0.44999999999999996;0.558;0.56;0.5549999999999999;0.591;0.503;0.536;0.5760000000000001;0.482;0.5700000000000001;0.491;0.5369999999999999;0.43400000000000005;0.481;0.0;0.515;0.628;0.46399999999999997;0.573;0.487;0.608;0.41400000000000003;0.469;0.671;0.63;0.716;0.5489999999999999;0.629;0.494;0.5469999999999999;0.46299999999999997;0.544;0.604;0.56;0.53;0.779;0.41500000000000004;0.41800000000000004;0.5389999999999999;0.558;0.573;0.365;0.5660000000000001;0.46499999999999997;0.683;0.479;0.7030000000000001;0.485;0.702;0.594;0.495
0.5900000000000001;0.5389999999999999;0.512;0.519;0.5;0.497;0.544;0.5840000000000001;0.629;0.7030000000000001;0.7170000000000001;0.593;0.503;0.623;0.618;0.483;0.507;0.575;0.597;0.618;0.731;0.648;0.736;0.731;0.6619999999999999;0.405;0.513;0.702;0.508;0.656;0.792;0.756;0.757;0.604;0.647;0.514;0.483;0.5720000000000001;0.51;0.471;0.591;0.43700000000000006;0.635;0.63;0.6;0.6839999999999999;0.565;0.6699999999999999;0.567;0.49;0.515;0.0;0.649;0.45699999999999996;0.473;0.5880000000000001;0.598;0.48;0.516;0.7090000000000001;0.683;0.719;0.508;0.702;0.556;0.536;0.54;0.597;0.647;0.481;0.501;0.773;0.47;0.522;0.5660000000000001;0.6819999999999999;0.579;0.495;0.607;0.46199999999999997;0.749;0.524;0.718;0.5329999999999999;0.655;0.628;0.593
0.7110000000000001;0.624;0.81;0.6759999999999999;0.577;0.637;0.589;0.663;0.6859999999999999;0.5820000000000001;0.866;0.8240000000000001;0.6719999999999999;0.556;0.688;0.613;0.598;0.599;0.43000000000000005;0.5389999999999999;0.646;0.5369999999999999;0.573;0.485;0.565;0.5720000000000001;0.642;0.519;0.729;0.739;0.6779999999999999;0.65;0.702;0.55;0.5640000000000001;0.597;0.679;0.522;0.56;0.5720000000000001;0.495;0.5780000000000001;0.489;0.54;0.615;0.6819999999999999;0.635;0.504;0.577;0.508;0.628;0.649;0.0;0.626;0.5329999999999999;0.627;0.558;0.598;0.5700000000000001;0.758;0.5780000000000001;0.479;0.536;0.5700000000000001;0.724;0.6930000000000001;0.64;0.529;0.739;0.5840000000000001;0.508;0.618;0.64;0.619;0.542;0.75;0.749;0.622;0.474;0.596;0.554;0.5429999999999999;0.5349999999999999;0.627;0.534;0.5660000000000001;0.633
0.599;0.41700000000000004;0.659;0.505;0.492;0.395;0.494;0.5;0.651;0.6639999999999999;0.755;0.669;0.504;0.5349999999999999;0.512;0.43400000000000005;0.46299999999999997;0.569;0.608;0.552;0.7170000000000001;0.609;0.714;0.7030000000000001;0.655;0.46399999999999997;0.486;0.6859999999999999;0.519;0.552;0.692;0.6890000000000001;0.7030000000000001;0.5609999999999999;0.635;0.505;0.383;0.475;0.475;0.528;0.609;0.41900000000000004;0.604;0.587;0.473;0.5449999999999999;0.45199999999999996;0.571;0.591;0.479;0.46399999999999997;0.45699999999999996;0.626;0.0;0.46599999999999997;0.5469999999999999;0.534;0.43600000000000005;0.42800000000000005;0.687;0.637;0.692;0.49;0.6659999999999999;0.5840000000000001;0.524;0.42800000000000005;0.5820000000000001;0.61;0.482;0.46099999999999997;0.77;0.42900000000000005;0.40900000000000003;0.591;0.624;0.604;0.43899999999999995;0.597;0.363;0.7130000000000001;0.491;0.681;0.488;0.621;0.597;0.596
0.5760000000000001;0.475;0.752;0.51;0.536;0.475;0.501;0.615;0.649;0.6659999999999999;0.782;0.69;0.5720000000000001;0.5660000000000001;0.585;0.54;0.5489999999999999;0.632;0.506;0.546;0.6799999999999999;0.5820000000000001;0.597;0.652;0.61;0.44399999999999995;0.587;0.625;0.569;0.6799999999999999;0.651;0.624;0.768;0.552;0.6579999999999999;0.488;0.531;0.399;0.32499999999999996;0.43999999999999995;0.493;0.43100000000000005;0.548;0.531;0.517;0.648;0.5820000000000001;0.5449999999999999;0.554;0.44699999999999995;0.573;0.473;0.5329999999999999;0.46599999999999997;0.0;0.602;0.486;0.488;0.498;0.731;0.594;0.608;0.44599999999999995;0.645;0.632;0.599;0.5;0.5469999999999999;0.649;0.354;0.41700000000000004;0.742;0.44699999999999995;0.493;0.516;0.669;0.546;0.495;0.493;0.45499999999999996;0.604;0.5880000000000001;0.604;0.5920000000000001;0.583;0.5349999999999999;0.639
0.593;0.46299999999999997;0.75;0.515;0.605;0.527;0.534;0.5529999999999999;0.513;0.685;0.752;0.69;0.5900000000000001;0.515;0.573;0.529;0.483;0.477;0.629;0.5569999999999999;0.562;0.505;0.6990000000000001;0.63;0.7130000000000001;0.611;0.496;0.629;0.618;0.5489999999999999;0.509;0.55;0.587;0.506;0.639;0.655;0.563;0.622;0.629;0.587;0.61;0.632;0.506;0.5369999999999999;0.5800000000000001;0.612;0.538;0.48;0.472;0.5840000000000001;0.487;0.5880000000000001;0.627;0.5469999999999999;0.602;0.0;0.663;0.526;0.529;0.544;0.599;0.6950000000000001;0.631;0.608;0.601;0.603;0.503;0.49;0.525;0.599;0.5589999999999999;0.7969999999999999;0.521;0.46499999999999997;0.508;0.563;0.655;0.475;0.616;0.54;0.638;0.5780000000000001;0.685;0.522;0.696;0.5469999999999999;0.393
0.675;0.567;0.785;0.594;0.607;0.5529999999999999;0.581;0.64;0.735;0.661;0.791;0.808;0.626;0.587;0.62;0.573;0.628;0.675;0.5389999999999999;0.5329999999999999;0.718;0.601;0.608;0.612;0.608;0.474;0.597;0.626;0.663;0.6859999999999999;0.6619999999999999;0.692;0.779;0.5720000000000001;0.5880000000000001;0.502;0.565;0.495;0.476;0.5369999999999999;0.522;0.534;0.647;0.623;0.622;0.6859999999999999;0.633;0.5860000000000001;0.569;0.54;0.608;0.598;0.558;0.534;0.486;0.663;0.0;0.5860000000000001;0.5800000000000001;0.765;0.653;0.606;0.5349999999999999;0.614;0.623;0.6579999999999999;0.556;0.633;0.7110000000000001;0.488;0.47;0.644;0.5920000000000001;0.54;0.604;0.726;0.6859999999999999;0.5640000000000001;0.475;0.5640000000000001;0.648;0.56;0.583;0.5509999999999999;0.505;0.604;0.6890000000000001
0.475;0.33399999999999996;0.5920000000000001;0.42500000000000004;0.471;0.354;0.46099999999999997;0.513;0.43899999999999995;0.688;0.766;0.594;0.499;0.471;0.44599999999999995;0.32999999999999996;0.32699999999999996;0.569;0.569;0.571;0.635;0.55;0.661;0.613;0.712;0.482;0.43100000000000005;0.598;0.42900000000000005;0.49;0.643;0.663;0.652;0.52;0.616;0.46399999999999997;0.373;0.528;0.472;0.518;0.5720000000000001;0.5389999999999999;0.5369999999999999;0.482;0.40900000000000003;0.552;0.43600000000000005;0.519;0.494;0.42700000000000005;0.41400000000000003;0.48;0.598;0.43600000000000005;0.488;0.526;0.5860000000000001;0.0;0.43300000000000005;0.756;0.631;0.716;0.481;0.6;0.44499999999999995;0.542;0.372;0.536;0.52;0.538;0.506;0.748;0.30500000000000005;0.404;0.515;0.5640000000000001;0.567;0.344;0.585;0.42200000000000004;0.6819999999999999;0.354;0.6759999999999999;0.404;0.631;0.538;0.44299999999999995
0.46699999999999997;0.403;0.6910000000000001;0.496;0.481;0.43000000000000005;0.485;0.512;0.45599999999999996;0.6819999999999999;0.758;0.646;0.471;0.525;0.41800000000000004;0.404;0.45699999999999996;0.527;0.669;0.5880000000000001;0.654;0.587;0.639;0.639;0.7090000000000001;0.499;0.503;0.675;0.45199999999999996;0.5509999999999999;0.6599999999999999;0.7;0.6679999999999999;0.613;0.6659999999999999;0.499;0.42100000000000004;0.48;0.5329999999999999;0.511;0.5720000000000001;0.55;0.5369999999999999;0.548;0.45199999999999996;0.605;0.42800000000000005;0.5389999999999999;0.567;0.472;0.469;0.516;0.5700000000000001;0.42800000000000005;0.498;0.529;0.5800000000000001;0.43300000000000005;0.0;0.694;0.661;0.6779999999999999;0.486;0.6779999999999999;0.526;0.42300000000000004;0.42400000000000004;0.514;0.529;0.501;0.44799999999999995;0.762;0.399;0.31100000000000005;0.526;0.587;0.5529999999999999;0.41600000000000004;0.5640000000000001;0.42100000000000004;0.692;0.394;0.6679999999999999;0.403;0.6679999999999999;0.5549999999999999;0.517
0.615;0.623;0.763;0.6719999999999999;0.727;0.661;0.639;0.602;0.5369999999999999;0.8049999999999999;0.579;0.712;0.644;0.656;0.609;0.659;0.647;0.602;0.719;0.7070000000000001;0.721;0.687;0.786;0.789;0.837;0.727;0.712;0.778;0.6639999999999999;0.5840000000000001;0.7090000000000001;0.71;0.634;0.661;0.79;0.858;0.673;0.736;0.728;0.687;0.796;0.821;0.667;0.675;0.6930000000000001;0.671;0.728;0.6739999999999999;0.6699999999999999;0.724;0.671;0.7090000000000001;0.758;0.687;0.731;0.544;0.765;0.756;0.694;0.0;0.769;0.823;0.733;0.774;0.622;0.673;0.6639999999999999;0.667;0.554;0.786;0.7070000000000001;0.859;0.648;0.661;0.639;0.589;0.69;0.6839999999999999;0.726;0.6970000000000001;0.783;0.671;0.84;0.683;0.765;0.6619999999999999;0.528
0.791;0.6579999999999999;0.866;0.6579999999999999;0.679;0.649;0.641;0.685;0.743;0.571;0.946;0.876;0.712;0.528;0.7090000000000001;0.633;0.64;0.661;0.569;0.5609999999999999;0.534;0.534;0.5469999999999999;0.529;0.603;0.596;0.655;0.542;0.729;0.794;0.53;0.56;0.643;0.5660000000000001;0.5529999999999999;0.656;0.6639999999999999;0.5760000000000001;0.577;0.604;0.6;0.646;0.5720000000000001;0.499;0.657;0.731;0.656;0.5369999999999999;0.5349999999999999;0.5760000000000001;0.63;0.683;0.5780000000000001;0.637;0.594;0.599;0.653;0.631;0.661;0.769;0.0;0.591;0.589;0.5389999999999999;0.71;0.777;0.6619999999999999;0.5660000000000001;0.765;0.5860000000000001;0.571;0.761;0.615;0.648;0.5660000000000001;0.773;0.776;0.644;0.562;0.673;0.5589999999999999;0.641;0.579;0.643;0.673;0.5720000000000001;0.651
0.798;0.7170000000000001;0.9;0.7;0.731;0.72;0.714;0.777;0.831;0.5840000000000001;0.96;0.914;0.787;0.649;0.785;0.7050000000000001;0.698;0.7;0.556;0.627;0.679;0.645;0.5800000000000001;0.5529999999999999;0.46099999999999997;0.607;0.742;0.5680000000000001;0.812;0.8260000000000001;0.653;0.6759999999999999;0.716;0.639;0.512;0.708;0.7090000000000001;0.579;0.613;0.611;0.5449999999999999;0.688;0.585;0.64;0.744;0.8109999999999999;0.6910000000000001;0.617;0.605;0.577;0.716;0.719;0.479;0.692;0.608;0.6950000000000001;0.606;0.716;0.6779999999999999;0.823;0.591;0.0;0.615;0.528;0.789;0.84;0.7070000000000001;0.583;0.827;0.617;0.605;0.6699999999999999;0.72;0.675;0.617;0.825;0.847;0.7;0.493;0.683;0.589;0.692;0.45399999999999996;0.69;0.538;0.633;0.721
0.5800000000000001;0.489;0.6659999999999999;0.5369999999999999;0.509;0.503;0.583;0.589;0.609;0.685;0.772;0.72;0.573;0.506;0.579;0.484;0.491;0.581;0.52;0.546;0.69;0.5529999999999999;0.628;0.65;0.622;0.405;0.546;0.654;0.5349999999999999;0.656;0.6930000000000001;0.706;0.745;0.525;0.619;0.44699999999999995;0.556;0.384;0.42800000000000005;0.43500000000000005;0.534;0.44499999999999995;0.556;0.54;0.532;0.637;0.493;0.5329999999999999;0.552;0.396;0.5489999999999999;0.508;0.536;0.49;0.44599999999999995;0.631;0.5349999999999999;0.481;0.486;0.733;0.589;0.615;0.0;0.625;0.638;0.55;0.514;0.5469999999999999;0.669;0.41300000000000003;0.378;0.712;0.43899999999999995;0.5429999999999999;0.603;0.642;0.661;0.491;0.5660000000000001;0.44499999999999995;0.653;0.523;0.6;0.554;0.61;0.554;0.652
0.758;0.604;0.851;0.656;0.673;0.612;0.667;0.708;0.766;0.43600000000000005;0.937;0.859;0.7;0.518;0.73;0.5860000000000001;0.609;0.594;0.515;0.5920000000000001;0.519;0.531;0.403;0.373;0.494;0.627;0.629;0.376;0.7130000000000001;0.763;0.538;0.55;0.657;0.382;0.361;0.6930000000000001;0.628;0.587;0.647;0.619;0.53;0.648;0.5820000000000001;0.5489999999999999;0.6639999999999999;0.781;0.5880000000000001;0.556;0.5589999999999999;0.64;0.629;0.702;0.5700000000000001;0.6659999999999999;0.645;0.608;0.614;0.6;0.6779999999999999;0.774;0.5389999999999999;0.528;0.625;0.0;0.7170000000000001;0.749;0.627;0.558;0.768;0.556;0.5589999999999999;0.6890000000000001;0.532;0.615;0.558;0.787;0.775;0.632;0.514;0.653;0.46299999999999997;0.644;0.525;0.611;0.569;0.563;0.601
0.40900000000000003;0.517;0.614;0.538;0.542;0.469;0.524;0.41500000000000004;0.513;0.762;0.6579999999999999;0.544;0.389;0.633;0.40900000000000003;0.44999999999999996;0.523;0.577;0.6910000000000001;0.692;0.6970000000000001;0.665;0.722;0.6950000000000001;0.769;0.567;0.5489999999999999;0.752;0.45899999999999996;0.479;0.761;0.776;0.732;0.687;0.718;0.613;0.476;0.5760000000000001;0.5660000000000001;0.616;0.6890000000000001;0.558;0.65;0.5780000000000001;0.46599999999999997;0.503;0.45299999999999996;0.527;0.634;0.5549999999999999;0.494;0.556;0.724;0.5840000000000001;0.632;0.601;0.623;0.44499999999999995;0.526;0.622;0.71;0.789;0.638;0.7170000000000001;0.0;0.45799999999999996;0.5900000000000001;0.64;0.471;0.577;0.618;0.842;0.43000000000000005;0.46399999999999997;0.623;0.512;0.5680000000000001;0.521;0.704;0.53;0.74;0.473;0.785;0.43700000000000006;0.765;0.661;0.5680000000000001
0.472;0.478;0.646;0.544;0.527;0.511;0.587;0.5349999999999999;0.552;0.774;0.694;0.605;0.505;0.613;0.44499999999999995;0.493;0.54;0.617;0.694;0.6819999999999999;0.789;0.7050000000000001;0.756;0.742;0.794;0.593;0.558;0.792;0.45599999999999996;0.591;0.784;0.8160000000000001;0.789;0.616;0.778;0.618;0.495;0.544;0.589;0.613;0.714;0.45599999999999996;0.633;0.611;0.5429999999999999;0.5609999999999999;0.534;0.6950000000000001;0.603;0.5640000000000001;0.5469999999999999;0.536;0.6930000000000001;0.524;0.599;0.603;0.6579999999999999;0.542;0.42300000000000004;0.673;0.777;0.84;0.55;0.749;0.45799999999999996;0.0;0.5740000000000001;0.544;0.5569999999999999;0.654;0.562;0.84;0.522;0.42000000000000004;0.615;0.5529999999999999;0.546;0.56;0.6759999999999999;0.5489999999999999;0.782;0.499;0.761;0.501;0.779;0.648;0.635
0.46599999999999997;0.353;0.685;0.478;0.45999999999999996;0.361;0.482;0.504;0.496;0.71;0.6859999999999999;0.623;0.474;0.497;0.497;0.41100000000000003;0.44099999999999995;0.5329999999999999;0.594;0.5820000000000001;0.6930000000000001;0.575;0.648;0.624;0.7050000000000001;0.516;0.403;0.647;0.519;0.514;0.612;0.6819999999999999;0.7090000000000001;0.51;0.629;0.5389999999999999;0.382;0.51;0.5720000000000001;0.544;0.581;0.5589999999999999;0.5489999999999999;0.5389999999999999;0.46599999999999997;0.573;0.42500000000000004;0.548;0.503;0.51;0.46299999999999997;0.54;0.64;0.42800000000000005;0.5;0.503;0.556;0.372;0.42400000000000004;0.6639999999999999;0.6619999999999999;0.7070000000000001;0.514;0.627;0.5900000000000001;0.5740000000000001;0.0;0.577;0.5509999999999999;0.42200000000000004;0.46599999999999997;0.7969999999999999;0.365;0.365;0.5529999999999999;0.618;0.5740000000000001;0.39;0.577;0.43700000000000006;0.653;0.41800000000000004;0.706;0.507;0.6619999999999999;0.497;0.506
0.641;0.529;0.796;0.5880000000000001;0.625;0.5469999999999999;0.534;0.62;0.652;0.6;0.7989999999999999;0.776;0.608;0.43799999999999994;0.5720000000000001;0.529;0.531;0.558;0.538;0.513;0.617;0.44799999999999995;0.5720000000000001;0.498;0.644;0.5680000000000001;0.5800000000000001;0.593;0.633;0.667;0.518;0.597;0.6759999999999999;0.45299999999999996;0.593;0.613;0.538;0.548;0.5489999999999999;0.542;0.5489999999999999;0.614;0.45099999999999996;0.43500000000000005;0.579;0.6579999999999999;0.613;0.44199999999999995;0.44199999999999995;0.44599999999999995;0.544;0.597;0.529;0.5820000000000001;0.5469999999999999;0.49;0.633;0.536;0.514;0.667;0.5660000000000001;0.583;0.5469999999999999;0.558;0.64;0.544;0.577;0.0;0.629;0.55;0.483;0.719;0.563;0.501;0.43000000000000005;0.6739999999999999;0.6699999999999999;0.5680000000000001;0.493;0.5840000000000001;0.595;0.594;0.613;0.5329999999999999;0.5820000000000001;0.45999999999999996;0.544
0.406;0.42900000000000005;0.6639999999999999;0.558;0.623;0.525;0.516;0.476;0.32199999999999995;0.796;0.501;0.491;0.42300000000000004;0.646;0.44499999999999995;0.516;0.5429999999999999;0.593;0.726;0.732;0.7090000000000001;0.655;0.774;0.754;0.793;0.623;0.542;0.77;0.5429999999999999;0.4;0.719;0.675;0.787;0.6950000000000001;0.769;0.62;0.509;0.7010000000000001;0.6599999999999999;0.544;0.729;0.657;0.694;0.6819999999999999;0.505;0.528;0.483;0.726;0.646;0.683;0.604;0.647;0.739;0.61;0.649;0.525;0.7110000000000001;0.52;0.529;0.554;0.765;0.827;0.669;0.768;0.471;0.5569999999999999;0.5509999999999999;0.629;0.0;0.64;0.5820000000000001;0.835;0.47;0.536;0.655;0.45299999999999996;0.577;0.569;0.7110000000000001;0.599;0.786;0.6;0.817;0.508;0.734;0.663;0.516
0.5660000000000001;0.486;0.679;0.569;0.5469999999999999;0.43300000000000005;0.532;0.603;0.6;0.656;0.789;0.6779999999999999;0.5740000000000001;0.519;0.525;0.488;0.499;0.598;0.522;0.511;0.65;0.528;0.492;0.624;0.583;0.41500000000000004;0.45499999999999996;0.616;0.575;0.613;0.5329999999999999;0.643;0.723;0.517;0.623;0.46599999999999997;0.513;0.377;0.377;0.43200000000000005;0.524;0.44599999999999995;0.554;0.5489999999999999;0.5800000000000001;0.649;0.495;0.5429999999999999;0.5389999999999999;0.396;0.56;0.481;0.5840000000000001;0.482;0.354;0.599;0.488;0.538;0.501;0.786;0.5860000000000001;0.617;0.41300000000000003;0.556;0.577;0.654;0.42200000000000004;0.55;0.64;0.0;0.372;0.7130000000000001;0.41900000000000004;0.483;0.544;0.646;0.627;0.489;0.502;0.476;0.577;0.524;0.612;0.503;0.5640000000000001;0.43100000000000005;0.651
0.565;0.48;0.6839999999999999;0.52;0.548;0.477;0.491;0.5880000000000001;0.624;0.633;0.734;0.643;0.626;0.489;0.593;0.41800000000000004;0.479;0.656;0.499;0.527;0.649;0.552;0.606;0.627;0.616;0.42800000000000005;0.501;0.603;0.526;0.631;0.61;0.673;0.739;0.501;0.615;0.43300000000000005;0.544;0.37;0.369;0.41600000000000004;0.52;0.47;0.523;0.46299999999999997;0.569;0.636;0.486;0.521;0.514;0.355;0.53;0.501;0.508;0.46099999999999997;0.41700000000000004;0.5589999999999999;0.47;0.506;0.44799999999999995;0.7070000000000001;0.571;0.605;0.378;0.5589999999999999;0.618;0.562;0.46599999999999997;0.483;0.5820000000000001;0.372;0.0;0.71;0.41800000000000004;0.405;0.548;0.647;0.648;0.44599999999999995;0.483;0.39;0.619;0.498;0.569;0.491;0.608;0.5369999999999999;0.56
0.8220000000000001;0.762;0.887;0.788;0.79;0.775;0.773;0.8;0.798;0.735;0.914;0.909;0.834;0.716;0.8109999999999999;0.761;0.768;0.8009999999999999;0.653;0.722;0.791;0.761;0.7050000000000001;0.721;0.655;0.71;0.775;0.708;0.856;0.854;0.791;0.7969999999999999;0.862;0.746;0.698;0.785;0.798;0.7010000000000001;0.753;0.6950000000000001;0.6930000000000001;0.77;0.716;0.6930000000000001;0.796;0.853;0.768;0.71;0.75;0.708;0.779;0.773;0.618;0.77;0.742;0.7969999999999999;0.644;0.748;0.762;0.859;0.761;0.6699999999999999;0.712;0.6890000000000001;0.842;0.84;0.7969999999999999;0.719;0.835;0.7130000000000001;0.71;0.0;0.776;0.789;0.763;0.841;0.872;0.779;0.677;0.782;0.716;0.781;0.665;0.777;0.598;0.751;0.76
0.503;0.33199999999999996;0.638;0.41800000000000004;0.45499999999999996;0.33899999999999997;0.41700000000000004;0.504;0.43700000000000006;0.6639999999999999;0.6930000000000001;0.5760000000000001;0.42400000000000004;0.44299999999999995;0.43400000000000005;0.30900000000000005;0.384;0.524;0.5700000000000001;0.532;0.565;0.544;0.652;0.626;0.69;0.52;0.42900000000000005;0.521;0.44899999999999995;0.476;0.634;0.65;0.683;0.39;0.617;0.45099999999999996;0.349;0.46199999999999997;0.43200000000000005;0.526;0.5820000000000001;0.476;0.5469999999999999;0.497;0.43400000000000005;0.604;0.30900000000000005;0.501;0.505;0.526;0.41500000000000004;0.47;0.64;0.42900000000000005;0.44699999999999995;0.521;0.5920000000000001;0.30500000000000005;0.399;0.648;0.615;0.72;0.43899999999999995;0.532;0.43000000000000005;0.522;0.365;0.563;0.47;0.41900000000000004;0.41800000000000004;0.776;0.0;0.344;0.528;0.5720000000000001;0.5569999999999999;0.358;0.607;0.41400000000000003;0.665;0.42400000000000004;0.683;0.389;0.65;0.526;0.41500000000000004
0.46399999999999997;0.34099999999999997;0.613;0.42400000000000004;0.43700000000000006;0.373;0.43200000000000005;0.493;0.472;0.6779999999999999;0.6579999999999999;0.673;0.511;0.507;0.372;0.36;0.41300000000000003;0.528;0.615;0.563;0.6579999999999999;0.5369999999999999;0.6619999999999999;0.5920000000000001;0.71;0.503;0.43999999999999995;0.635;0.502;0.5449999999999999;0.638;0.641;0.7130000000000001;0.495;0.623;0.554;0.355;0.5389999999999999;0.501;0.497;0.571;0.496;0.546;0.512;0.44299999999999995;0.5429999999999999;0.544;0.5329999999999999;0.522;0.45199999999999996;0.41800000000000004;0.522;0.619;0.40900000000000003;0.493;0.46499999999999997;0.54;0.404;0.31100000000000005;0.661;0.648;0.675;0.5429999999999999;0.615;0.46399999999999997;0.42000000000000004;0.365;0.501;0.536;0.483;0.405;0.789;0.344;0.0;0.517;0.5680000000000001;0.5660000000000001;0.368;0.542;0.42000000000000004;0.6839999999999999;0.403;0.656;0.41400000000000003;0.665;0.583;0.46399999999999997
0.652;0.5349999999999999;0.742;0.526;0.474;0.5429999999999999;0.528;0.639;0.6839999999999999;0.591;0.827;0.745;0.607;0.44099999999999995;0.647;0.516;0.5329999999999999;0.512;0.478;0.502;0.605;0.511;0.5700000000000001;0.5740000000000001;0.6579999999999999;0.532;0.528;0.558;0.614;0.692;0.552;0.5780000000000001;0.6990000000000001;0.41000000000000003;0.552;0.647;0.536;0.554;0.499;0.544;0.42400000000000004;0.5880000000000001;0.43400000000000005;0.403;0.474;0.692;0.5349999999999999;0.42800000000000005;0.42500000000000004;0.53;0.5389999999999999;0.5660000000000001;0.542;0.591;0.516;0.508;0.604;0.515;0.526;0.639;0.5660000000000001;0.617;0.603;0.558;0.623;0.615;0.5529999999999999;0.43000000000000005;0.655;0.544;0.548;0.763;0.528;0.517;0.0;0.661;0.62;0.54;0.54;0.5900000000000001;0.591;0.5760000000000001;0.621;0.5469999999999999;0.606;0.43700000000000006;0.475
0.52;0.585;0.6839999999999999;0.554;0.634;0.596;0.605;0.501;0.41500000000000004;0.8069999999999999;0.6679999999999999;0.595;0.51;0.673;0.509;0.5640000000000001;0.5429999999999999;0.627;0.744;0.72;0.753;0.6739999999999999;0.794;0.787;0.854;0.6659999999999999;0.591;0.8;0.526;0.43799999999999994;0.749;0.751;0.755;0.6799999999999999;0.789;0.739;0.5840000000000001;0.643;0.714;0.622;0.813;0.6679999999999999;0.6659999999999999;0.661;0.617;0.5389999999999999;0.615;0.7050000000000001;0.6639999999999999;0.688;0.558;0.6819999999999999;0.75;0.624;0.669;0.563;0.726;0.5640000000000001;0.587;0.589;0.773;0.825;0.642;0.787;0.512;0.5529999999999999;0.618;0.6739999999999999;0.45299999999999996;0.646;0.647;0.841;0.5720000000000001;0.5680000000000001;0.661;0.0;0.616;0.5569999999999999;0.737;0.605;0.7989999999999999;0.5760000000000001;0.851;0.6;0.784;0.73;0.5469999999999999
0.5529999999999999;0.5640000000000001;0.616;0.562;0.604;0.56;0.5549999999999999;0.565;0.5880000000000001;0.792;0.741;0.603;0.5589999999999999;0.681;0.579;0.5680000000000001;0.565;0.6699999999999999;0.745;0.671;0.851;0.694;0.773;0.817;0.83;0.652;0.556;0.778;0.511;0.5920000000000001;0.793;0.848;0.827;0.6639999999999999;0.779;0.657;0.569;0.6579999999999999;0.536;0.612;0.7050000000000001;0.643;0.655;0.712;0.616;0.5840000000000001;0.563;0.661;0.677;0.663;0.573;0.579;0.749;0.604;0.546;0.655;0.6859999999999999;0.567;0.5529999999999999;0.69;0.776;0.847;0.661;0.775;0.5680000000000001;0.546;0.5740000000000001;0.6699999999999999;0.577;0.627;0.648;0.872;0.5569999999999999;0.5660000000000001;0.62;0.616;0.0;0.5700000000000001;0.702;0.597;0.792;0.613;0.839;0.575;0.787;0.6659999999999999;0.6699999999999999
0.493;0.379;0.608;0.492;0.487;0.36;0.511;0.5349999999999999;0.55;0.6910000000000001;0.789;0.618;0.47;0.556;0.482;0.40700000000000003;0.41300000000000003;0.544;0.631;0.565;0.6739999999999999;0.54;0.6779999999999999;0.6639999999999999;0.7050000000000001;0.493;0.44799999999999995;0.63;0.581;0.618;0.669;0.6839999999999999;0.692;0.55;0.623;0.516;0.38;0.5349999999999999;0.503;0.56;0.589;0.498;0.544;0.573;0.473;0.613;0.482;0.5449999999999999;0.469;0.473;0.365;0.495;0.622;0.43899999999999995;0.495;0.475;0.5640000000000001;0.344;0.41600000000000004;0.6839999999999999;0.644;0.7;0.491;0.632;0.521;0.56;0.39;0.5680000000000001;0.569;0.489;0.44599999999999995;0.779;0.358;0.368;0.54;0.5569999999999999;0.5700000000000001;0.0;0.5880000000000001;0.39;0.6970000000000001;0.45199999999999996;0.71;0.478;0.685;0.604;0.5529999999999999
0.698;0.5720000000000001;0.802;0.591;0.649;0.615;0.573;0.6659999999999999;0.7110000000000001;0.587;0.842;0.786;0.721;0.499;0.609;0.5680000000000001;0.613;0.599;0.42500000000000004;0.48;0.642;0.5760000000000001;0.548;0.503;0.52;0.5389999999999999;0.573;0.5609999999999999;0.696;0.747;0.583;0.603;0.736;0.512;0.524;0.595;0.5720000000000001;0.514;0.504;0.514;0.43600000000000005;0.565;0.5389999999999999;0.531;0.613;0.719;0.634;0.491;0.512;0.489;0.5660000000000001;0.607;0.474;0.597;0.493;0.616;0.475;0.585;0.5640000000000001;0.726;0.562;0.493;0.5660000000000001;0.514;0.704;0.6759999999999999;0.577;0.493;0.7110000000000001;0.502;0.483;0.677;0.607;0.542;0.54;0.737;0.702;0.5880000000000001;0.0;0.546;0.52;0.611;0.44199999999999995;0.616;0.494;0.538;0.631
0.528;0.42500000000000004;0.655;0.483;0.475;0.39;0.493;0.5800000000000001;0.544;0.722;0.779;0.64;0.519;0.527;0.519;0.42400000000000004;0.43100000000000005;0.589;0.583;0.53;0.692;0.599;0.669;0.673;0.687;0.488;0.44699999999999995;0.6779999999999999;0.5429999999999999;0.614;0.6930000000000001;0.6990000000000001;0.742;0.5609999999999999;0.6579999999999999;0.536;0.399;0.508;0.46399999999999997;0.519;0.606;0.43200000000000005;0.599;0.571;0.46199999999999997;0.608;0.43600000000000005;0.5800000000000001;0.5720000000000001;0.46099999999999997;0.46499999999999997;0.46199999999999997;0.596;0.363;0.45499999999999996;0.54;0.5640000000000001;0.42200000000000004;0.42100000000000004;0.6970000000000001;0.673;0.683;0.44499999999999995;0.653;0.53;0.5489999999999999;0.43700000000000006;0.5840000000000001;0.599;0.476;0.39;0.782;0.41400000000000003;0.42000000000000004;0.5900000000000001;0.605;0.597;0.39;0.546;0.0;0.7170000000000001;0.499;0.6759999999999999;0.486;0.635;0.5880000000000001;0.5409999999999999
0.77;0.671;0.882;0.7;0.7030000000000001;0.606;0.655;0.748;0.794;0.49;0.938;0.885;0.739;0.607;0.746;0.634;0.69;0.646;0.53;0.644;0.617;0.613;0.42900000000000005;0.476;0.583;0.667;0.631;0.474;0.776;0.806;0.505;0.625;0.6839999999999999;0.599;0.472;0.7070000000000001;0.69;0.669;0.652;0.6659999999999999;0.567;0.712;0.596;0.5860000000000001;0.679;0.74;0.694;0.579;0.591;0.6599999999999999;0.683;0.749;0.554;0.7130000000000001;0.604;0.638;0.648;0.6819999999999999;0.692;0.783;0.5589999999999999;0.589;0.653;0.46299999999999997;0.74;0.782;0.653;0.595;0.786;0.577;0.619;0.716;0.665;0.6839999999999999;0.591;0.7989999999999999;0.792;0.6970000000000001;0.52;0.7170000000000001;0.0;0.687;0.567;0.6799999999999999;0.565;0.534;0.653
0.527;0.44199999999999995;0.615;0.49;0.40800000000000003;0.403;0.477;0.528;0.524;0.692;0.687;0.653;0.472;0.567;0.5700000000000001;0.43700000000000006;0.43500000000000005;0.512;0.596;0.599;0.656;0.575;0.667;0.643;0.728;0.542;0.491;0.647;0.5;0.499;0.6819999999999999;0.694;0.738;0.5800000000000001;0.6639999999999999;0.5489999999999999;0.474;0.473;0.5760000000000001;0.5349999999999999;0.671;0.5;0.594;0.558;0.379;0.532;0.40700000000000003;0.567;0.5609999999999999;0.487;0.479;0.524;0.5429999999999999;0.491;0.5880000000000001;0.5780000000000001;0.56;0.354;0.394;0.671;0.641;0.692;0.523;0.644;0.473;0.499;0.41800000000000004;0.594;0.6;0.524;0.498;0.781;0.42400000000000004;0.403;0.5760000000000001;0.5760000000000001;0.613;0.45199999999999996;0.611;0.499;0.687;0.0;0.721;0.41100000000000003;0.6859999999999999;0.5860000000000001;0.531
0.792;0.7130000000000001;0.911;0.706;0.719;0.6930000000000001;0.7130000000000001;0.723;0.8160000000000001;0.598;0.949;0.908;0.779;0.606;0.732;0.7;0.727;0.741;0.5549999999999999;0.61;0.6719999999999999;0.616;0.525;0.534;0.44799999999999995;0.629;0.706;0.5840000000000001;0.7969999999999999;0.8220000000000001;0.646;0.629;0.723;0.648;0.531;0.679;0.6990000000000001;0.601;0.608;0.598;0.563;0.6759999999999999;0.62;0.609;0.6799999999999999;0.78;0.727;0.623;0.622;0.554;0.7030000000000001;0.718;0.5349999999999999;0.681;0.604;0.685;0.583;0.6759999999999999;0.6679999999999999;0.84;0.579;0.45399999999999996;0.6;0.525;0.785;0.761;0.706;0.613;0.817;0.612;0.569;0.665;0.683;0.656;0.621;0.851;0.839;0.71;0.44199999999999995;0.6759999999999999;0.567;0.721;0.0;0.6859999999999999;0.515;0.629;0.6890000000000001
0.49;0.41000000000000003;0.694;0.491;0.44199999999999995;0.482;0.489;0.534;0.5569999999999999;0.6859999999999999;0.673;0.65;0.573;0.542;0.518;0.364;0.488;0.483;0.625;0.605;0.6910000000000001;0.606;0.681;0.6579999999999999;0.73;0.5349999999999999;0.512;0.675;0.471;0.516;0.718;0.6799999999999999;0.7090000000000001;0.5549999999999999;0.628;0.548;0.44099999999999995;0.493;0.542;0.5680000000000001;0.596;0.5589999999999999;0.548;0.5760000000000001;0.45999999999999996;0.614;0.345;0.501;0.5720000000000001;0.487;0.485;0.5329999999999999;0.627;0.488;0.5920000000000001;0.522;0.5509999999999999;0.404;0.403;0.683;0.643;0.69;0.554;0.611;0.43700000000000006;0.501;0.507;0.5329999999999999;0.508;0.503;0.491;0.777;0.389;0.41400000000000003;0.5469999999999999;0.6;0.575;0.478;0.616;0.486;0.6799999999999999;0.41100000000000003;0.6859999999999999;0.0;0.6970000000000001;0.5720000000000001;0.498
0.732;0.614;0.841;0.685;0.746;0.6819999999999999;0.625;0.74;0.748;0.635;0.873;0.848;0.751;0.593;0.726;0.669;0.631;0.667;0.5449999999999999;0.599;0.677;0.604;0.608;0.583;0.519;0.621;0.642;0.64;0.745;0.776;0.659;0.621;0.786;0.653;0.579;0.6859999999999999;0.681;0.619;0.5920000000000001;0.496;0.516;0.661;0.613;0.5529999999999999;0.718;0.775;0.6859999999999999;0.601;0.6;0.613;0.702;0.655;0.534;0.621;0.583;0.696;0.505;0.631;0.6679999999999999;0.765;0.673;0.538;0.61;0.569;0.765;0.779;0.6619999999999999;0.5820000000000001;0.734;0.5640000000000001;0.608;0.598;0.65;0.665;0.606;0.784;0.787;0.685;0.494;0.635;0.565;0.6859999999999999;0.515;0.6970000000000001;0.0;0.593;0.645
0.6599999999999999;0.515;0.773;0.544;0.621;0.507;0.472;0.634;0.6719999999999999;0.591;0.846;0.785;0.65;0.45199999999999996;0.702;0.531;0.5700000000000001;0.5449999999999999;0.554;0.526;0.5569999999999999;0.517;0.519;0.5800000000000001;0.673;0.61;0.481;0.5800000000000001;0.641;0.6579999999999999;0.486;0.56;0.704;0.44699999999999995;0.5880000000000001;0.636;0.548;0.5640000000000001;0.5680000000000001;0.5389999999999999;0.54;0.638;0.47;0.43000000000000005;0.536;0.688;0.5900000000000001;0.43700000000000006;0.44499999999999995;0.554;0.594;0.628;0.5660000000000001;0.597;0.5349999999999999;0.5469999999999999;0.604;0.538;0.5549999999999999;0.6619999999999999;0.5720000000000001;0.633;0.554;0.563;0.661;0.648;0.497;0.45999999999999996;0.663;0.43100000000000005;0.5369999999999999;0.751;0.526;0.583;0.43700000000000006;0.73;0.6659999999999999;0.604;0.538;0.5880000000000001;0.534;0.5860000000000001;0.629;0.5720000000000001;0.593;0.0;0.481
0.602;0.512;0.739;0.5589999999999999;0.599;0.488;0.5349999999999999;0.563;0.45799999999999996;0.634;0.751;0.6799999999999999;0.5760000000000001;0.43000000000000005;0.567;0.46699999999999997;0.473;0.43000000000000005;0.642;0.542;0.544;0.563;0.612;0.6659999999999999;0.692;0.607;0.498;0.621;0.5640000000000001;0.526;0.509;0.512;0.56;0.46799999999999997;0.616;0.608;0.5369999999999999;0.605;0.612;0.554;0.5820000000000001;0.595;0.5760000000000001;0.45099999999999996;0.5800000000000001;0.544;0.45599999999999996;0.534;0.538;0.575;0.495;0.593;0.633;0.596;0.639;0.393;0.6890000000000001;0.44299999999999995;0.517;0.528;0.651;0.721;0.652;0.601;0.5680000000000001;0.635;0.506;0.544;0.516;0.651;0.56;0.76;0.41500000000000004;0.46399999999999997;0.475;0.5469999999999999;0.6699999999999999;0.5529999999999999;0.631;0.5409999999999999;0.653;0.531;0.6890000000000001;0.498;0.645;0.481;0.0
